company_id,searched_at,queries_run,events_found
c12qe.com,2026-09-13T12:54:31.000000Z,2,0
c1.ai,2026-09-13T12:54:31.000000Z,2,0
cabonorte.eu,2026-09-13T12:54:31.000000Z,2,0
66degrees.com,2026-09-13T12:54:31.000000Z,2,2
caiready.com,2026-09-13T12:54:31.000000Z,2,1
6sense.com,2026-09-13T12:54:31.000000Z,2,0
callosum.com,2026-09-13T12:59:15.000000Z,2,2
camber.health,2026-09-13T12:59:15.000000Z,2,1
cambio.ai,2026-09-13T12:59:15.000000Z,1,1
campusworksinc.com,2026-09-13T12:59:15.000000Z,1,1
campfire.ai,2026-09-13T12:59:15.000000Z,2,4
canarytechnologies.com,2026-09-13T12:59:15.000000Z,2,2
campus.edu,2026-09-13T13:05:03.000000Z,2,0
candlinspection.com,2026-09-13T13:05:03.000000Z,2,0
camunda.com,2026-09-13T13:05:03.000000Z,2,3
capitalontap.com,2026-09-13T13:05:03.000000Z,1,5
canals.ai,2026-09-13T13:05:03.000000Z,1,1
candidhealth.com,2026-09-13T13:05:03.000000Z,2,2
canvasworldwide.com,2026-09-13T13:11:33.000000Z,1,1
careem.com,2026-09-13T13:11:33.000000Z,2,6
cantina.com,2026-09-13T13:11:33.000000Z,1,0
capitalsolutionsgroup.com,2026-09-13T13:11:33.000000Z,1,1
capable.com,2026-09-13T13:11:33.000000Z,1,0
captivateiq.com,2026-09-13T13:11:33.000000Z,2,0
cape.co,2026-09-13T13:20:18.000000Z,1,2
capimoney.com,2026-09-13T13:20:18.000000Z,1,2
celigo.com,2026-09-13T13:20:18.000000Z,2,0
capsa.ai,2026-09-13T13:20:18.000000Z,1,1
censys.com,2026-09-13T13:20:18.000000Z,2,1
chanzuckerberg.com,2026-09-13T13:20:18.000000Z,2,4
getcara.ai,2026-09-13T13:26:33.000000Z,1,1
crai.com,2026-09-13T13:26:33.000000Z,1,0
cardless.com,2026-09-13T13:26:33.000000Z,1,3
carewest.ca,2026-09-13T13:26:33.000000Z,1,2
cargo-partner.com,2026-09-13T13:26:33.000000Z,1,2
azx.io,2026-09-13T13:26:33.000000Z,1,3
