company_id,searched_at,queries_run,events_found
caseinpointco.com,2026-09-13T12:47:05.308092Z,2,0
enablecomp.com,2026-09-13T12:47:05.308092Z,2,3
casetify.com,2026-09-13T12:47:05.308092Z,2,0
cashcowlouisiana.com,2026-09-13T12:47:05.308092Z,2,0
endpointclinical.com,2026-09-13T12:47:05.308092Z,2,0
communityp.com,2026-09-13T12:47:05.308092Z,2,0
energyby5.com,2026-09-13T12:47:05.308092Z,2,0
commure.com,2026-09-13T12:47:05.308092Z,2,6
catawiki.com,2026-09-13T12:47:05.308092Z,2,2
compass-sp.com,2026-09-13T12:47:05.308092Z,2,0
entefy.com,2026-09-13T12:47:05.308092Z,2,0
composio.dev,2026-09-13T12:47:05.308092Z,2,2
entrata.com,2026-09-13T12:47:05.308092Z,2,4
