company_id,event_type,event_date,available_at,source_url,headline,raw_excerpt,collected_at
caylent.com,acquisition,2025-10-21,2025-10-21T00:00:00.000000Z,https://news.google.com/rss/articles/CBMilAFBVV95cUxPb3RhNXV2RVRmb3hSZDhvRzN3YmVxY1o5dWM5eUpGd3JORGI2WE41OV8yZVdKTmpBblR6cVFyVnVFWHE5MktWeWRTQ2UtUGcyTUhnUXp0bDRrWHlUS0FZRnNtQjVSMlJzejNiOWlkTUVuYUY5b2ZUWGh6ZmhnWG1ESHcyZno4X1dYcEFSR3k5OXJwZ2RD,Latham & Watkins Advises Trek10 in Acquisition by Caylent to Create Comprehensive Dedicated AWS Services Partner,"Latham & Watkins Advises Trek10 in Acquisition by Caylent to Create Comprehensive Dedicated AWS Services Partner, via Google News RSS",2026-09-13T12:49:40.000000Z
concoursetech.com,funding,2026-01-27,2026-01-27T00:00:00.000000Z,https://news.google.com/rss/articles/CBMi5AFBVV95cUxOQklSaGVrdHA5ODllTHV4NXd1d1VoX3RTWGlpQ1Jya0hYQzBzeEhBZW85UEotdjItNHVNZVBSMXZQUnpVQkVkVTZQYVByM0Q5eC1zLS1XX3ZOMjdSanV4djRLeGEzNXpaNGs4NGE3R3hqUkQtSVM5QmozRDBXdTJudGQxdUpmY2hQRGQtTHktSUhPcDlCSlhpaHlHamE0VnIzSkFrMnRWYzJhbHFSTlA3QUxXbkFNUWRGdUxDSnk1cmJjNFZ4MWZ3ODNMbFFFejQ4a2lSSHQzR1plREdURHI0amJoQXE?oc=5,Concourse Raises $12M Series A and Expands Access to Its Enterprise-Grade AI Agents for Finance,"Concourse Raises $12M Series A and Expands Access to Its Enterprise-Grade AI Agents for Finance, via Google News RSS",2026-09-13T12:54:37.000000Z
equativ.com,expansion,2026-05-20,2026-05-20T00:00:00.000000Z,https://news.google.com/rss/articles/CBMinAFBVV95cUxPcXl2aW1FOVlGWWhLZC1WbjFtUUJ0XzRueGJoMFFmLThFb21WY0NwNVR4SVFNTUZpcUFZU19HM0Nia1VhRmgyMWlyaDlGQXJ3bVFrTS00ckdDbzJaU0Zsamk5ZVlyNXNpSk96eDR2al8zWXFjYzFiN3JjUnB1N3FoRGNpT2JQbnN3QXc3d2cyZEloU2dQRm5jSml4eGI?oc=5,Equativ Scales Global Retail Media Footprint with U.S. Launch,"Equativ Scales Global Retail Media Footprint with U.S. Launch, via Google News RSS",2026-09-13T12:54:37.000000Z
equativ.com,acquisition,2025-06-09,2025-06-09T00:00:00.000000Z,https://news.google.com/rss/articles/CBMilwFBVV95cUxOVjg0M2ozcWNPb09TeG1rdjVqZnd4XzJrZUllNEtxMUpXN2lZNjdvWnBPYnFGMTZucm9SbTRxeGZycVhYRy1LUnpPZGY4R2p1eXdGYnRmOERBOENwcUFjUE5RNFlCZFVHSDVQZUxlYjFzZk5kQV9qdDRQM2dZS18zcm1zU1YyTGFqVFM5Vk9NbmNGOHFVdDc4?oc=5,Equativ completes Sharethrough integration to create global media platform,"Equativ completes Sharethrough integration to create global media platform, via Google News RSS",2026-09-13T12:54:37.000000Z
conduct.ai,funding,2026-06-17,2026-06-17T00:00:00.000000Z,https://news.google.com/rss/articles/CBMinAFBVV95cUxPOEF3cy1ZNk90bjRkN0JMc1ZNUlE1Wjlqd3B1aDRFYTQ4aTNILU55Zk9oTFVuUV9vbV9DX2p1TG1XaXZiOXc0M0hFVEQzeVdmaG85eFZiUk1SZllERkpPRWpiYVQwY1l5ME5qQ1o5NHdnY2Z4TWRaYU16eVlpcUVKMDA4NmIwam5MQ2NWWHNRUUpydzJjQThBTTF4X3Y?oc=5,"Conduct Raises $60 Million Series A Round from Index, ICONIQ, and SAP","Conduct Raises $60 Million Series A Round from Index, ICONIQ, and SAP (ex-Palantir team, enterprise software modernization), via Google News RSS",2026-09-13T13:02:23.000000Z
conduithealth.com,funding,2026-03-17,2026-03-17T00:00:00.000000Z,https://news.google.com/rss/articles/CBMipAFBVV95cUxPaW51NXJxaGtHU3lGRllDR1VHVzN4cXNNYXFRdWJSRExiZmlBWjlOUTlpUEdIWDFSd1pZclNUY0VON3lsUzhOLWJoNVdBNGNTUXQ3aFExUlBiaXUyQTlSZlMxMm9jSTRsZFF3UFBtQWFfU0VkUkZrYklUNG96LW52akRpYjl0SDdld0NMMXFMblE3U0J4VUxRNncxZllvcnVEN2ZRXw,Conduit Health Secures $17M for AI-Powered Medical Supply Platform,"Conduit Health Secures $17M for AI-Powered Medical Supply Platform, via Google News RSS",2026-09-13T13:04:03.000000Z
e-space.com,expansion,2025-06-25,2025-06-25T00:00:00.000000Z,https://news.google.com/rss/articles/CBMivwFBVV95cUxQMEhiSk1GOUpMSzM3R2hncWRraExoU3NHT3ktVXdkVlBYQU52X2Z6czQyQ04tM3NBTEVCTVpTOFFKMGR2UW5KQlgwNkYyNi1zaF9jUExzQ3ZwVEt3dlZiZUhBc3AtNlRHTDdhdkVJSFBFSWRqUTNsTm40bVVqdEYxVTNLWUxrZ2RxZi1Ndm1xUTFFUi1YeGNIX1dsRDFPdGhCSmRTYzdZeUxNUWdTUW9DMVlPUk1Hcjl4YVRGUkFMVQ,E-Space headquarters move forward after Arlington Economic Development Corp. action,"E-Space headquarters move forward after Arlington Economic Development Corp. action, via Google News RSS",2026-09-13T13:06:51.000000Z
e-space.com,expansion,2025-08-28,2025-08-28T00:00:00.000000Z,https://news.google.com/rss/articles/CBMiqgFBVV95cUxNWkxPRkF1R0dfOEdEWGJrOFQzQzQxM3V4bUY5emhJNHRKYloxUFlSejFMbDFqdTd1cElnanNyOUFGNlFYVHVpSmc0YkNIVXBmaG9tdUk1MzBFQWM1NjFzYmZNd29oQVJsMmZteHBTblNJMFlzOW1SenFRMllUYmZQcVhGX041bXlHd1lpV0ZWTVNmR3RnOTBJZGNmQy1OcVJFZFhKRUZFSVQ3Zw,"Satellite manufacturer E-Space to put HQ, thousands of jobs at Arlington airport","Satellite manufacturer E-Space to put HQ, thousands of jobs at Arlington airport, via Google News RSS",2026-09-13T13:06:51.000000Z
confidotech.com,funding,2025-08-11,2025-08-11T00:00:00.000000Z,https://news.google.com/rss/articles/CBMipAFBVV95cUxOdXNNOGJ0el9ZNVRVOWlpSXQxWlFTVEJMYkxEN0ZQWXd4ZkZDRGJUN2hjZW9sdVRDZkxDcDJKMHBZYjVZNDVSOVgyWTB2TXVMRzZYM25XU29zXzQyUDZRRERtcEh4Y3k5WGtNY2tkWTdnSkRmaThLbnh2TXZESElYZGY0aXN1TzdscjZyQmpUX0xmNXk5MnlWdHlSTlMwV0ViZDlrTw,Confido Raises $20M to Modernize Financial Operations for CPG Brands,"Confido Raises $20M to Modernize Financial Operations for CPG Brands, via Google News RSS",2026-09-13T13:06:51.000000Z
confidotech.com,acquisition,2025-10-08,2025-10-08T00:00:00.000000Z,https://news.google.com/rss/articles/CBMiswFBVV95cUxNTlpuT3Uwc2FvMEtOSDVvYktHR2VxaUZxSHByN0tpQ05vb1dLMlMwaVRVdmZFcV82VGhmZjg3c2YyN2tnSHRzeFhoelE0TlMzcl93c3ZHcW1tejh4ZmZuUDFyN3F0OGs4dDg3enJiNHRUSXhJTDZWaXlZUjM1N0Q1aTUyY3RYTzVvZDI2U1ZKQVZCQ05kMmtiS18tbWFIVVdXczhhZFdIOWs3b0pOQ1hJdHozQQ,Confido Acquires Muffin Data to Expand Analytics Capabilities for CPG Brands,"Confido Acquires Muffin Data to Expand Analytics Capabilities for CPG Brands, via Google News RSS",2026-09-13T13:06:51.000000Z
esrtreit.com,acquisition,2025-12-02,2025-12-02T00:00:00.000000Z,https://news.google.com/rss/articles/CBMirgFBVV95cUxQdUJ0X1JQSk8wbHZNcG5TRFpucV85aE5UaWVobndWS3N1aXlNai1nVUpaeGtubmN3eW5odllhMWFhU0ljeDQzMjVPRlBhZTk0QU9xeWFkaFBlMDVGRFZlYlR3MHI0dGxOUWd1ZThRMlNnTTJvNF9nZ0pnQ0k5VWdsUjdwY09HTnlsQzRMbEk5MWdhTVBZeC0ydmdxMVZIMDk3V1NiQ0RSV0NVb1dHVXc,Empire State Realty Trust Acquires Scholastic Building For $386 Million,"Empire State Realty Trust Acquires Scholastic Building For $386 Million, via Google News RSS",2026-09-13T13:11:09.000000Z
esrtreit.com,acquisition,2026-04-06,2026-04-06T00:00:00.000000Z,https://news.google.com/rss/articles/CBMi9gFBVV95cUxOSHo4ZWNrcU9nOWx2TDBNcEh5VUx0RWFjaXdmazVFYkdLWGxKTm8xbVBhSmVyWG12eC0xaVAxeUtxSXNTUEFjQVJHeTlpRnVXZ3JjUzJjMF8xWjdxa09aOEU0WmVDa2FHV3lJeVl3ZWVlb0J2QXNRWmdTX2lyMG5iZlEycld1V0poSFA3MnhBbWhQckQzMXZLM3ZXZk9ac1BxSTU5SWJaT05EaGEzWjZucE01RG0tVEZwQXZ3VG5ucHRoTXVna3F1dUFwOWNWOG5uYUZiNm80bnl4ejRORU04MExMSHFraVdSMnFVeWFCQlMtcXFvVXc,Empire State Realty Trust Announces Acquisition and Financing Transactions Within Its NYC Retail Portfolio,"Empire State Realty Trust Announces Acquisition and Financing Transactions Within Its NYC Retail Portfolio, via Google News RSS",2026-09-13T13:11:09.000000Z
esrtreit.com,other,2026-06-02,2026-06-02T00:00:00.000000Z,https://news.google.com/rss/articles/CBMiqAFBVV95cUxORzhEd2k4QjhncGExb2ktNS05bDJKVDBYSW5zXzhoTFFsQ2FreW1PdS1ObWNPR0FMZF9pemlPYi1rLUFUTGVaVXFFQkhSd2ZhdXY3aEl5U21iQlhEQkdodVRYQTBmSzVhd1oxUTNydF9kNHMyalgyNGVXTWhSaThYeGlQNGFneGEyemZ4dFZmbzQxUng4cEdnZlNuNzhsZi1Ublp6MEhSd1Q,Empire State Realty Trust sells Midtown property for $275M while buying land beneath 2 others,"Empire State Realty Trust sells Midtown property for $275M while buying land beneath 2 others, via Google News RSS",2026-09-13T13:11:09.000000Z
confluent.io,acquisition,2025-12-08,2025-12-08T00:00:00.000000Z,https://news.google.com/rss/articles/CBMi1gFBVV95cUxOREFfNy1Ba2hKcHZMWDR3NXZremY3VTVwQlIxbjNDS1RzQURQSExTTG8yb2YxeDRnU01sWHJSNllDbzMyYjV2SldPLUZ3ZTQ5ZUp3Q29xQ1c2RkUydE55aEVqdUpFNXUtZjR1U18zWnNvYXc4STh5TW83d0xDdnF3N2c1bUttMHphSW5LUlFiZTVCNmhLdXpETGhYWEtES0FJeU9uVE1CVkV3UUFOa1F1YmpCMEx5bldmQVdmU3ZBLTB4d2lKcnRUYlh3TmhZZkllc3RGUHVB,IBM to Acquire Confluent to Create Smart Data Platform for Enterprise Generative AI,"IBM to Acquire Confluent to Create Smart Data Platform for Enterprise Generative AI, $11 billion deal, via Google News RSS",2026-09-13T13:11:09.000000Z
confluent.io,acquisition,2026-03-17,2026-03-17T00:00:00.000000Z,https://news.google.com/rss/articles/CBMi0gFBVV95cUxPUHFyR1R1NHJSZjA1T0diQUZybERvZ0RqU0YzQXpYbEdvQkhaVTN6QlJtYXRHMjVPLTFPQ2VYWnpHd05rc1JmWFVkOG5hMDUyX3YtWDdUcEhKMWw4WWxvNWtOLUtacVA5c3JrckR1eEJ5ZmQ5VjVMbDVTWXJSMk1iZU9za0dtbGI3RGo0N1Ftb0hjbEpfYm9FQWtrc21mMEhFb1lYNldNa1RDMmVaU19ON0hDX09PN2ZpeTJlMktEblhGQUVsVnFjeTlBNm1SQ2lwTHc,"IBM Completes Acquisition of Confluent, Making Real Time Data the Engine of Enterprise AI and Agents","IBM Completes Acquisition of Confluent, Making Real Time Data the Engine of Enterprise AI and Agents ($11B, Confluent delisted from Nasdaq), via Google News RSS",2026-09-13T13:11:09.000000Z
everbridge.com,acquisition,2026-09-02,2026-09-02T00:00:00.000000Z,https://news.google.com/rss/articles/CBMirgFBVV95cUxOWHBkTmh0ZU5KZE9GMURLVU0ycnRWal93X2lYUGxrV1kzODdXcHE0Sjc1VWp2c0xlNmJ2SjBiNmFPR2c5dEU5Y2JrdEZBMHdjNElwRllsSFdncjFuWnlXcGI2R0twbmpxcHNrZDdKZzN3UGFQUUdMN2FJVzFsX2ozOGZkOXMyQXgzanhNYUdiSS10anBkR1ZQZkZlVXZzdTVVdFhNaU9uUWNqS0dWWEE,Everbridge Acquires Open Measures to Expand Risk Intelligence Platform,"Everbridge Acquires Open Measures to Expand Risk Intelligence Platform, via Google News RSS",2026-09-13T13:17:01.000000Z
everbridge.com,expansion,2026-06-01,2026-06-01T00:00:00.000000Z,https://news.google.com/rss/articles/CBMiqgFBVV95cUxOaEk4WnlqYzhKcnNsNWJUQjlzMXV4U3pEbFNYVGlfTXlnc0dyMWo2MFFMYk9RZ3lFUW5TSUstN2ZWZzF0Wm9xanZ5eTk4YVNWems5TFI1UFZvbm1vajNVdHgzYjA3WUtibkFiTUN2S1NBQWVKbk1WSjNpNnFNS2ktQ293Q0c3OGNvZ251eE5xRUdjTHZpbGVpbm5XZ1dJRjBPUlZEVmJ5a2d5QQ,Everbridge Expands Presence in Germany with New Munich Office,"Everbridge Expands Presence in Germany with New Munich Office, via Google News RSS",2026-09-13T13:17:01.000000Z
celonis.com,acquisition,2026-05-12,2026-05-12T00:00:00.000000Z,https://news.google.com/rss/articles/CBMirgJBVV95cUxNcXRoYmtMdTlielpOUEJrWW9CdHVnSl9FdVBTZEVjckUxZjY4V1oyNEFIbHhQTFc3Q25Lcmh6U05GREFJOEpXdUN2QmJ0TGpKUENVU3VFcEI5WXBobHc0MnFrS01WQ0VraEhZazlTS0ZaaFhPeWN3S1hyWEYxN2h4Ri15YlJQQnFxX2ZMcnJSb092anAydWNsRDZuMkF3RklKcFU5ekd1WEw0enNFZjZPUFYxeEhVMHE2VDN0dUR1bUpLY3dRbTJxeGtjZ3VXUXlFM0R5bElVZGVYOTE0Tm9IaXhseVVHSmpLcmJHWmt0VWRac1VDNHRTV3NMMGtnY1lFM3FKNmRMTVEtLWdYdmZSTHlPQnMzaEhoTHFDeUZJVERzWlhKbUJ3WnZZbmd1Zw,"Celonis Launches Context Model, Agrees to Acquire Ikigai Labs","Celonis Launches Context Model, Agrees to Acquire Ikigai Labs (MIT-linked decision intelligence firm), via Google News RSS",2026-09-13T13:19:34.000000Z
contoro.com,funding,2025-03-25,2025-03-25T00:00:00.000000Z,https://news.google.com/rss/articles/CBMiygFBVV95cUxNTFF0MmZBNGhMd3BTRllBY2RvS1V4emJ6eGNfaGh0Wk15RTBMeXJHWVdrLVBmOXFMampGSlB6cHdWQmw0NTRpSDRPWnlOMkhNUGtiTVlJY0cxX1ZobFhFcVlfTXNyeG1MbHczN1JkR044R0ZsQ0pTUVU0N0NLUGFPSVgxV0pEV3F4RWJMNlVNWTA5cUMzUzN0WnNfaVRKdGJMalVfYndCM25uMkt5Q3RhSk1QNG5JOGxtX214aWl5Zm81dTVaYXZUaEt3,Contoro Robotics Secures $12M Series A to Bring AI-Powered Trailer Unloading to Scale,"Contoro Robotics Secures $12M Series A to Bring AI-Powered Trailer Unloading to Scale, via Google News RSS",2026-09-13T13:19:34.000000Z
evr.com,layoff,2025-06-17,2025-06-17T00:00:00.000000Z,https://news.google.com/rss/articles/CBMingFBVV95cUxOTHotQmtqSHR6VWl2NU1GRmR1cFVQc2VwaHpBUVNPTHI2MVpWLTMwcWVCOWhOd3g0T1pHSEh2ZHhsZmJjQk5PVnlPNUp1RjdhMUdvdC1ITFVVdzlJZWF3YVY3VWgxN2FHU3lwc1BxZ3BhdS1lOWxkRmVadUpZZVc3MWhQV2hVczE5Yms3aUQ4VEZUb2t4NG0xa2QySkptUQ,B.C. mining company cuts 140 positions due to 'challenging market conditions',"B.C. mining company cuts 140 positions due to 'challenging market conditions' (Elk Valley Resources cuts 140 jobs), via Google News RSS",2026-09-13T13:20:55.000000Z
conveo.ai,funding,2025-03-06,2025-03-06T00:00:00.000000Z,https://news.google.com/rss/articles/CBMipAFBVV95cUxPeVA3YTg4OGRLSmM1YXVtVVJZb3luYm1hb09VOXhtNDZoLThkakhKNWdpWXNyWmJVVndLcDEyVVV3YTdkbGN6ZC1RYnl6eldZdEdhY05IUlhuN19ueWtuaHRlSzVMNUtWSDZoQlN2dkhQamwtNEhUN1gwMlJoTzlhZ045akVzRF9GRC1IZmotc2pibDB4TWpGSE5WYkR0U0xwdnl6dw?oc=5,Conveo secures €4.9 million to transform market research industry,"Conveo secures €4.9 million to transform market research industry, via Google News RSS",2026-09-13T13:29:02.000000Z
conveo.ai,funding,2026-09-02,2026-09-02T00:00:00.000000Z,https://news.google.com/rss/articles/CBMitwFBVV95cUxPY2VLNlBHZUFhR0ZHNDNzdWdkRWVlblZ1YVVCTVRiaTg4VDUwQURUbTN1QVBib3pnZnVFUkRDSk5qa0h0UHRva0JxU1JvUU5BakNrVGo4a3gwdjVTck5sT1BpcU5tV1V5WlRFZUo3Q0M5V29hLVBjZ2g1dkVhV1J3OTNwYkZKWUNvQkItZHhScVlCYnVfUlJ2Y3VwMWpGdndpMXBjQTFrVUtKZUNiSkcwOVQ0aUZVenPSAbwBQVVfeXFMTk82ZThFd1Y2NHRNVHFOejNzWGZSX0JoekllbFQ1TWtsbmY2b19xSmh2V2FiN1l6Y05MWVpKNmUtSEx5cGtsWllYWVZvUFFFdzFfQ1dBVjFkWlg2Z1dLNjZVWXFaa280NjJDSDJYcUFIWGJsLXZtWkszdmlKYnpYNXNFMEMxRl9vUUpNUGo1M21PNTVqT3NWS0FKM0E5UGtnc2VtZmNaU3FXZktqY3N1TWZPOW5pTURicGplUlQ?oc=5,Conveo Raises $50 Million Series A To Build Consumer Understanding Infrastructure For Enterprises,"Conveo Raises $50 Million Series A To Build Consumer Understanding Infrastructure For Enterprises, via Google News RSS",2026-09-13T13:29:02.000000Z
extremenetworks.com,funding,2026-07-30,2026-07-30T00:00:00.000000Z,https://news.google.com/rss/articles/CBMikAFBVV95cUxNRVZFcjQxeTktVllKQ3o2dUhFTXhqam0xZ19GbjFNS05qMTN1bzNVVG5KaFNvdWk3V2MwN2hvcU4xWnUzY0dXQWVvVWFnWU5vMGt6d1RJMVc2Z21SaDlkLXJZSjVOYW1oOHpLcjk1ZG1jaWdUSWlaN1NhNlNhVUhkVG5JQlVYcEgtS3pINE9VV1g,Extreme nabs $500M credit facility to accelerate growth,"Extreme nabs $500M credit facility to accelerate growth, via Google News RSS",2026-09-13T13:29:02.000000Z
