rank,company_id,old_posting_id,old_job_id,old_title,old_first_seen_absent,new_posting_id,new_job_id,new_title,new_first_observed,gap_days,title_score,team_score,location_score,description_score,combined_score,corroborated,title_only,passes_thresholds,is_match,reject_reason,human_verdict,justification
1,gamma.app,archive:gamma.app:04e7a228-b432-46f0-84b5-fc47b05f6790,04e7a228-b432-46f0-84b5-fc47b05f6790,UI Engineer,2026-09-07T17:43:51.713871Z,ashby:gamma:5f4e30f2-1f1b-4ce2-aa58-c81777cf56de,5f4e30f2-1f1b-4ce2-aa58-c81777cf56de,UI Engineer,2026-09-07T17:43:51.713871Z,0.0000,1.0000,1.0000,1.0000,,1.0000,true,false,true,true,,true_repost,"gamma.app UI Engineer: old id seen only in one archive snapshot (2026-04-26), gone by our crawl's first pass (2026-09-07); new ashby id appears same instant with identical title/team/location, live fetch confirms new URL is a live UI Engineer posting; no parallel-duplicate candidates exist for this title."
2,crypto.com,archive:crypto.com:05cd8c66-d2db-4f52-9908-380229b2e9d3,05cd8c66-d2db-4f52-9908-380229b2e9d3,Compliance Analyst - FCM (Futures Commission Merchant),2025-12-16T17:31:55.000000Z,archive:crypto.com:47556a18-84c2-42f8-aaef-2045a71c66aa,47556a18-84c2-42f8-aaef-2045a71c66aa,Compliance Analyst - FCM (Futures Commission Merchant),2026-02-07T05:22:39.000000Z,52.4936,1.0000,1.0000,1.0000,1.0000,1.0000,true,false,true,true,,true_repost,"crypto.com: old 05cd8c66 present through 2025-11-25, absent by 2025-12-16 capture; new 47556a18 appears at next capture 2026-02-07 (adjacent snapshots) carrying a byte-identical description_hash (409c9d14...); different ats_job_id/URL, strong content match."
3,notion.com,archive:notion.com:0810dcca-ac29-4f72-b44f-a777d0108550,0810dcca-ac29-4f72-b44f-a777d0108550,"Account Executive, Commercial",2026-04-26T20:51:01.000000Z,archive:notion.com:fdc2a6c0-396a-45db-b465-683bacf4201e,fdc2a6c0-396a-45db-b465-683bacf4201e,"Account Executive, Commercial",2026-04-26T20:51:01.000000Z,0.0000,1.0000,1.0000,1.0000,,1.0000,true,false,true,true,,true_repost,"notion.com AE, Commercial: only one San Francisco lineage exists for this exact title (no concurrent SF duplicates); old/new pair (0810dcca->fdc2a6c0) correctly matches on the SF location."
4,notion.com,archive:notion.com:08251acf-5b73-408c-b30a-861eb20b72bf,08251acf-5b73-408c-b30a-861eb20b72bf,"Account Executive, Mid-Market",2026-04-26T20:51:01.000000Z,archive:notion.com:5cb7ec4d-0b5d-4f55-82dc-70ef4fbed271,5cb7ec4d-0b5d-4f55-82dc-70ef4fbed271,"Account Executive, Mid-Market",2026-04-26T20:51:01.000000Z,0.0000,1.0000,1.0000,1.0000,,1.0000,true,false,true,true,,true_repost,"notion.com AE, Mid-Market (SF): single SF lineage (08251acf->5cb7ec4d), no parallel duplicates found for this title+city."
5,harvey.ai,archive:harvey.ai:0f97089b-0b97-4178-be5b-263116f8e9bf,0f97089b-0b97-4178-be5b-263116f8e9bf,"Senior Product Operations Manager, Evaluation",2026-06-25T09:41:22.000000Z,ashby:harvey:70ac0c85-e987-4657-aae4-95337e344d4e,70ac0c85-e987-4657-aae4-95337e344d4e,"Senior Product Operations Manager, Evaluation",2026-06-25T09:41:22.000000Z,0.0000,1.0000,1.0000,1.0000,,1.0000,true,false,true,true,,true_repost,"harvey.ai: old 0f97089b absent by 2026-06-25 archive capture (last seen 2026-03-03); new ashby:70ac0c85 first appears at that same capture and persists with a stable hash through both 09-07/09-08 own crawls; unique title/team/location, no rival candidate."
6,harvey.ai,archive:harvey.ai:0fe2e934-b236-4428-8b44-55802bec41b9,0fe2e934-b236-4428-8b44-55802bec41b9,"Senior Software Engineer, Full Stack",2026-06-25T09:41:22.000000Z,ashby:harvey:b4f45d7f-6a88-40d5-83a6-e4db27f3e402,b4f45d7f-6a88-40d5-83a6-e4db27f3e402,"Senior Software Engineer, Full Stack",2026-06-25T09:41:22.000000Z,0.0000,1.0000,1.0000,1.0000,,1.0000,true,false,true,true,,true_repost,"harvey.ai: old 0fe2e934 last present 2026-03-03, absent by 2026-06-25; new b4f45d7f appears at that same capture and persists with stable hash into Sept own crawls; no competing candidate for this title/team/location."
7,notion.com,archive:notion.com:0fe96f47-a9ea-4623-ac73-9053c3541297,0fe96f47-a9ea-4623-ac73-9053c3541297,"Account Executive, Mid-Market",2026-04-26T20:51:01.000000Z,archive:notion.com:b07e2543-e350-463b-93e6-3aab02f55c46,b07e2543-e350-463b-93e6-3aab02f55c46,"Account Executive, Mid-Market",2026-04-26T20:51:01.000000Z,0.0000,1.0000,1.0000,1.0000,,1.0000,true,false,true,true,,true_repost,"notion.com AE, Mid-Market (NY): single NY lineage (0fe96f47->b07e2543), no parallel duplicates for this title+city."
8,harvey.ai,archive:harvey.ai:1020d449-7819-40e0-a042-2d016ab76e9d,1020d449-7819-40e0-a042-2d016ab76e9d,"Staff Software Engineer, Frontend",2026-06-25T09:41:22.000000Z,ashby:harvey:3931a1b7-573d-4bd8-8fed-3fa8132c3201,3931a1b7-573d-4bd8-8fed-3fa8132c3201,"Staff Software Engineer, Frontend",2026-06-25T09:41:22.000000Z,0.0000,1.0000,1.0000,1.0000,,1.0000,true,false,true,true,,true_repost,"harvey.ai: old 1020d449 absent by 2026-06-25; new ashby:3931a1b7 appears at that capture and persists with a stable content hash through both 09-07 and 09-08 own crawls, unlike its rival candidate (rank 9) which closed again."
9,harvey.ai,archive:harvey.ai:1020d449-7819-40e0-a042-2d016ab76e9d,1020d449-7819-40e0-a042-2d016ab76e9d,"Staff Software Engineer, Frontend",2026-06-25T09:41:22.000000Z,archive:harvey.ai:cb0934b1-0ffb-48cb-ad7f-88d7a94c0892,cb0934b1-0ffb-48cb-ad7f-88d7a94c0892,"Staff Software Engineer, Frontend",2026-06-25T09:41:22.000000Z,0.0000,1.0000,1.0000,1.0000,,1.0000,true,false,true,false,assignment,unclear,"harvey.ai: rival candidate archive:cb0934b1 (same old posting as rank 8) also first appears at the identical 2026-06-25 capture with identical title/team/location but is observed only once (absent again by 09-07); 3 total 'Staff Software Engineer, Frontend' postings exist company-wide, a genuine two-opening collision that can't be resolved from data."
10,perplexity.ai,archive:perplexity.ai:1545ffba-b0c9-4b4f-b493-795388e5d69b,1545ffba-b0c9-4b4f-b493-795388e5d69b,Engineering Site Lead,2026-09-07T17:43:51.713871Z,ashby:perplexity:c6c857f3-c0db-4d93-aeed-638b9f9d4eb6,c6c857f3-c0db-4d93-aeed-638b9f9d4eb6,Engineering Site Lead,2026-09-07T17:43:51.713871Z,0.0000,1.0000,1.0000,1.0000,1.0000,1.0000,true,false,true,true,,true_repost,"perplexity.ai Engineering Site Lead: old and new postings share an identical description_hash (c78309b2...); old canonical_url no longer resolves to the specific job (redirects to a generic jobs index), confirming the old req closed before the identical text was relisted under a new Ashby id."
11,harvey.ai,archive:harvey.ai:1697d4ea-02f6-4ddb-9513-8225aa293f42,1697d4ea-02f6-4ddb-9513-8225aa293f42,Corporate Business Development Manager (Product),2026-06-25T09:41:22.000000Z,ashby:harvey:9fe1324c-8eeb-4138-ab85-f4d75968e48a,9fe1324c-8eeb-4138-ab85-f4d75968e48a,"Corporate Business Development Manager, Product",2026-09-07T17:43:51.713871Z,74.3351,1.0000,1.0000,1.0000,,1.0000,true,false,true,true,,true_repost,"harvey.ai: old 1697d4ea (seen only at 2026-03-03) absent by 2026-06-25; new ashby:9fe1324c appears 2026-09-07, matches team/location exactly (Business Development/New York) with a stable hash across both own captures; title differs only by punctuation."
12,notion.com,archive:notion.com:17d76ca7-2edc-44c9-8ee4-9b1a07a6dbe9,17d76ca7-2edc-44c9-8ee4-9b1a07a6dbe9,"Account Executive, Commercial, DACH",2026-04-26T20:51:01.000000Z,archive:notion.com:2763cf17-ca4e-4f78-b4ca-1c1cc8a7c051,2763cf17-ca4e-4f78-b4ca-1c1cc8a7c051,"Account Executive, Commercial, DACH",2026-04-26T20:51:01.000000Z,0.0000,1.0000,1.0000,1.0000,,1.0000,true,false,true,true,,true_repost,"notion.com AE, Commercial, DACH: single Dublin lineage (17d76ca7->2763cf17), no duplicates found for this title."
13,incident.io,archive:incident.io:18058099-234a-41ec-a1ef-becf6e20a46a,18058099-234a-41ec-a1ef-becf6e20a46a,Commercial Account Executive,2026-03-01T07:24:59.000000Z,ashby:incident:ce5be0db-98db-4a7d-bdab-fc934e250fb9,ce5be0db-98db-4a7d-bdab-fc934e250fb9,Commercial Account Executive,2026-03-01T07:24:59.000000Z,0.0000,1.0000,1.0000,1.0000,,1.0000,true,false,true,true,,true_repost,"incident.io: old 18058099 has only sparse archive coverage (2025-10-04, 2026-03-01 - a 5-month blind gap, so gap_days=0 is a coverage artifact); new ce5be0db matches location exactly and persists into Sept; other concurrent 'Commercial Account Executive' reqs exist at London/New York but don't collide since San Francisco uniquely disambiguates."
14,includedhealth.com,archive:includedhealth.com:1859975b-44b0-4552-9dd3-fa7379c749ab,1859975b-44b0-4552-9dd3-fa7379c749ab,Psychiatrist,2025-10-13T15:01:20.000000Z,archive:includedhealth.com:d2383a2f-1a96-4b7e-8bc9-06bb96fde849,d2383a2f-1a96-4b7e-8bc9-06bb96fde849,Psychiatrist,2025-10-13T15:01:20.000000Z,0.0000,1.0000,1.0000,1.0000,,1.0000,true,false,true,true,,different_role,"includedhealth.com Psychiatrist (WA): old WA req (1859975b) closed and TWO new WA reqs (d2383a2f, d69c2327) opened with IDENTICAL first_observed/first_seen_absent timestamps - a 1-to-2 expansion of concurrent WA reqs, so picking d2383a2f as 'the' successor is arbitrary against its exact twin (see rank 15)."
15,includedhealth.com,archive:includedhealth.com:1859975b-44b0-4552-9dd3-fa7379c749ab,1859975b-44b0-4552-9dd3-fa7379c749ab,Psychiatrist,2025-10-13T15:01:20.000000Z,archive:includedhealth.com:d69c2327-aaa7-4284-82e6-723822fcb738,d69c2327-aaa7-4284-82e6-723822fcb738,Psychiatrist,2025-10-13T15:01:20.000000Z,0.0000,1.0000,1.0000,1.0000,,1.0000,true,false,true,false,assignment,different_role,"includedhealth.com Psychiatrist (WA): sibling candidate (d69c2327) for the same old WA posting as rank 14 - an indistinguishable concurrent duplicate, not a genuine 1:1 repost."
16,anrok.com,archive:anrok.com:18794cfc-64ae-42db-bc86-e0701e1ab2dc,18794cfc-64ae-42db-bc86-e0701e1ab2dc,"Tax Operations, Registrations",2026-02-09T21:02:04.000000Z,archive:anrok.com:34ecfe0d-0cb3-4382-8191-d4da308c3b43,34ecfe0d-0cb3-4382-8191-d4da308c3b43,"Tax Operations, Registrations",2026-02-09T21:02:04.000000Z,0.0000,1.0000,1.0000,1.0000,,1.0000,true,false,true,true,,true_repost,"anrok.com Tax Operations, Registrations: single lineage company-wide, no duplicates; old open through Sep 2025, absent by the very next capture (2026-02-09), new appears at that same capture - clean sequential handoff."
17,includedhealth.com,archive:includedhealth.com:19b15d7f-b92d-45bb-ac14-c15a54b636ab,19b15d7f-b92d-45bb-ac14-c15a54b636ab,Psychiatrist,2026-07-27T14:26:33.000000Z,lever:includedhealth:9c39723c-a3d5-4996-ae91-8ac69d41049d,9c39723c-a3d5-4996-ae91-8ac69d41049d,Psychiatrist,2026-09-07T17:43:51.713871Z,42.1370,1.0000,1.0000,1.0000,,1.0000,true,false,true,true,,unclear,"includedhealth.com Psychiatrist (Remote): old req (19b15d7f) was the sole survivor of a former 3-way concurrent Remote wave (with 62a89466, a1a92efd) that collapsed to 1; new (9c39723c) is the only Remote candidate in the Sep 7 own-crawl wave with a real 42-day gap, but the role's confirmed history of running multiple simultaneous Remote reqs means this specific pairing can't be confidently distinguished from coincidence."
18,posthog.com,archive:posthog.com:1ed75800-ae61-4457-a85c-9eeca0a470c4,1ed75800-ae61-4457-a85c-9eeca0a470c4,Product Engineer,2026-03-19T09:48:12.000000Z,archive:posthog.com:20ab9628-20ff-4ae3-bd6a-46ae7e9dc6b8,20ab9628-20ff-4ae3-bd6a-46ae7e9dc6b8,Product Engineer,2026-03-19T09:48:12.000000Z,0.0000,1.0000,1.0000,1.0000,,1.0000,true,false,true,true,,true_repost,"posthog.com Product Engineer (Remote): only two postings ever exist for this exact title, a non-overlapping sequential lineage - old (1ed75800) absent exactly when new (20ab9628) appears (2026-03-19), no parallel duplicates."
19,notion.com,archive:notion.com:207f5a14-0005-48f9-a4a0-01be50e88895,207f5a14-0005-48f9-a4a0-01be50e88895,"Account Executive - Enterprise, Japan",2026-04-26T20:51:01.000000Z,archive:notion.com:ce10000b-cacd-4539-b87d-45b89fd8c85a,ce10000b-cacd-4539-b87d-45b89fd8c85a,"Account Executive - Enterprise, Japan",2026-04-26T20:51:01.000000Z,0.0000,1.0000,1.0000,1.0000,,1.0000,true,false,true,true,,true_repost,"notion.com AE - Enterprise, Japan: single Tokyo lineage (207f5a14->ce10000b), no duplicates."
20,includedhealth.com,archive:includedhealth.com:2095c271-6a42-49f6-8d11-be363583429c,2095c271-6a42-49f6-8d11-be363583429c,Psychiatrist,2025-10-13T15:01:20.000000Z,lever:includedhealth:03a46278-c67f-418b-b5e0-f257fbf56ca4,03a46278-c67f-418b-b5e0-f257fbf56ca4,Psychiatrist,2025-10-13T15:01:20.000000Z,0.0000,1.0000,1.0000,1.0000,,1.0000,true,false,true,true,,different_role,"includedhealth.com Psychiatrist (TX): new candidate (03a46278) has been continuously open since 2025-10-13 straight through 2026-09-08 (still open) - a long-running evergreen TX req that simply already existed when old req (2095c271) rotated out in the same wave, not a successor."
21,includedhealth.com,archive:includedhealth.com:2095c271-6a42-49f6-8d11-be363583429c,2095c271-6a42-49f6-8d11-be363583429c,Psychiatrist,2025-10-13T15:01:20.000000Z,archive:includedhealth.com:72e3d754-69c4-4b5c-b577-b5d6e00f5123,72e3d754-69c4-4b5c-b577-b5d6e00f5123,Psychiatrist,2025-10-13T15:01:20.000000Z,0.0000,1.0000,1.0000,1.0000,,1.0000,true,false,true,false,assignment,different_role,"includedhealth.com Psychiatrist (TX): new candidate (72e3d754) is one of TWO parallel TX reqs (with 7de4fc55, rank 22) opened simultaneously when 2095c271 closed - an arbitrary twin pick."
22,includedhealth.com,archive:includedhealth.com:2095c271-6a42-49f6-8d11-be363583429c,2095c271-6a42-49f6-8d11-be363583429c,Psychiatrist,2025-10-13T15:01:20.000000Z,archive:includedhealth.com:7de4fc55-9898-405b-830e-6225bf9b5d35,7de4fc55-9898-405b-830e-6225bf9b5d35,Psychiatrist,2025-10-13T15:01:20.000000Z,0.0000,1.0000,1.0000,1.0000,,1.0000,true,false,true,false,assignment,different_role,"includedhealth.com Psychiatrist (TX): sibling of rank 21 (7de4fc55), same concurrent-duplicate pattern."
23,ironcladapp.com,archive:ironcladapp.com:24dfec15-1cf6-49f1-8b24-d1e4afab02e6,24dfec15-1cf6-49f1-8b24-d1e4afab02e6,"Enterprise Account Executive, East",2025-11-06T00:54:40.000000Z,archive:ironcladapp.com:4a19732e-df62-48d7-aa08-65485d4f2346,4a19732e-df62-48d7-aa08-65485d4f2346,"Enterprise Account Executive, East",2026-02-26T08:50:11.000000Z,112.3302,1.0000,1.0000,1.0000,,1.0000,true,false,true,true,,true_repost,"ironcladapp.com: old 24dfec15 absent by 2025-11-06 (last seen 2025-09-18); new 4a19732e appears at the very next archive capture 2026-02-26 (adjacent snapshots, confirmed real ~3.5-month gap) and persists into Sept; single lineage, no rival."
24,notion.com,archive:notion.com:26bc4374-8571-4c10-9d71-36bbe776da2a,26bc4374-8571-4c10-9d71-36bbe776da2a,"Account Executive - Mid Market, Japan",2026-04-26T20:51:01.000000Z,archive:notion.com:873f9b3a-6cce-4101-9657-72c7bf8ef6db,873f9b3a-6cce-4101-9657-72c7bf8ef6db,"Account Executive - Mid Market, Japan",2026-04-26T20:51:01.000000Z,0.0000,1.0000,1.0000,1.0000,,1.0000,true,false,true,true,,true_repost,"notion.com AE - Mid Market, Japan: single Tokyo lineage (26bc4374->873f9b3a), no duplicates."
25,gamma.app,archive:gamma.app:274f4b95-d167-4ff2-ba98-89d2d6f114a3,274f4b95-d167-4ff2-ba98-89d2d6f114a3,"Software Engineer, Trust & Safety",2026-09-07T17:43:51.713871Z,ashby:gamma:76767d60-e375-456d-a195-984854b256ce,76767d60-e375-456d-a195-984854b256ce,"Software Engineer, Trust & Safety",2026-09-07T17:43:51.713871Z,0.0000,1.0000,1.0000,1.0000,,1.0000,true,false,true,true,,true_repost,"gamma.app Software Engineer, Trust & Safety: old id's title itself changed from 'Trust & Safety Engineer' to 'Software Engineer, Trust & Safety' between the 2025-10-04 and 2026-04-26 archive snapshots (a single continuously-managed record), then disappeared by our crawl's first pass and a new ashby id with the exact final title/team/location appeared at that instant - behavior of a managed single role, not an evergreen pool."
26,baseten.co,archive:baseten.co:277bb516-6470-4f3f-a8bd-67683b4dc40c,277bb516-6470-4f3f-a8bd-67683b4dc40c,Senior Business Recruiter,2025-11-30T14:42:07.000000Z,archive:baseten.co:80f4760c-eaa7-41e3-ac9e-b832a5f70992,80f4760c-eaa7-41e3-ac9e-b832a5f70992,Senior Business Recruiter,2025-11-30T14:42:07.000000Z,0.0000,1.0000,1.0000,1.0000,,1.0000,true,false,true,true,,true_repost,"baseten.co Senior Business Recruiter: old seen once (2025-11-10), absent by the very next capture only 20 days later (2025-11-30), new appears at that same capture; single SF lineage, no duplicates - fine-grained cadence around the transition."
27,harvey.ai,archive:harvey.ai:27c6337f-683e-4137-b752-0099d5360c80,27c6337f-683e-4137-b752-0099d5360c80,Executive Assistant,2026-09-07T17:43:51.713871Z,ashby:harvey:4e8b714c-98fb-461f-b05f-82d56ad08e2b,4e8b714c-98fb-461f-b05f-82d56ad08e2b,Executive Assistant,2026-09-07T17:43:51.713871Z,0.0000,1.0000,1.0000,1.0000,,1.0000,true,false,true,true,,true_repost,"harvey.ai: old 27c6337f persisted across 4 archive captures through 2026-06-25, absent by 2026-09-07 own crawl; new ashby:4e8b714c appears at that exact crawl and persists to 09-08 with a stable hash; unique title/team/location."
28,crypto.com,archive:crypto.com:2aade1c8-5ac8-423f-9664-fb37f25afb12,2aade1c8-5ac8-423f-9664-fb37f25afb12,"(Senior)Product Manager, Trading",2025-11-25T19:45:37.000000Z,archive:crypto.com:0eec3727-f618-4148-b51d-611760ddee60,0eec3727-f618-4148-b51d-611760ddee60,"(Senior)Product Manager, Trading",2025-11-25T19:45:37.000000Z,0.0000,1.0000,1.0000,1.0000,1.0000,1.0000,true,false,true,true,,true_repost,"crypto.com: old 2aade1c8 present through 2025-11-15, absent by the very next capture 2025-11-25 (10-day cadence, real gap not literally zero); new 0eec3727 appears in that same capture with an IDENTICAL description_hash (f0865e95...) and persists to 2026-02-07; ruled out a bulk-migration artifact (only 46/538 jobs closed and 13 opened in that window)."
29,incident.io,archive:incident.io:2c14d9e0-bd23-4cb0-b2d6-1a07be3d5ac8,2c14d9e0-bd23-4cb0-b2d6-1a07be3d5ac8,Senior Solutions Engineer,2026-03-01T07:24:59.000000Z,archive:incident.io:aeee372c-a70b-40bd-acf4-b05e890ca692,aeee372c-a70b-40bd-acf4-b05e890ca692,Senior Solutions Engineer,2026-03-01T07:24:59.000000Z,0.0000,1.0000,1.0000,1.0000,,1.0000,true,false,true,true,,true_repost,incident.io: old 2c14d9e0 (Senior Solutions Engineer/San Francisco) absent by the single 2026-03-01 capture after a 5-month blind gap; new aeee372c matches location exactly and persists into Sept; a separate concurrent 'Senior Solutions Engineer' exists at New York (6612e73d) but doesn't collide since San Francisco disambiguates cleanly.
30,gohighlevel.com,archive:gohighlevel.com:33125d36-0f0a-4e54-a3af-350c0138f5a0,33125d36-0f0a-4e54-a3af-350c0138f5a0,Implementation Advisor,2026-05-13T08:22:06.000000Z,lever:gohighlevel:5a92b4ad-873f-45b3-9dbc-1e463955b9a6,5a92b4ad-873f-45b3-9dbc-1e463955b9a6,Implementation Advisor,2026-09-07T17:43:51.713871Z,117.3901,1.0000,1.0000,1.0000,,1.0000,true,false,true,true,,true_repost,"gohighlevel.com: verified evergreen 'Implementation Advisor/Mexico' chain; old 33125d36 (absent 2026-05-13) is paired directly with lever:5a92b4ad (2026-09-07), SKIPPING the intermediate posting ff2ad979 (open 2026-07-13 -> absent 2026-09-07) sitting directly between them - inflates gap_days to 117.4 vs the true ~61-day adjacent step (see rank 31)."
31,gohighlevel.com,archive:gohighlevel.com:33125d36-0f0a-4e54-a3af-350c0138f5a0,33125d36-0f0a-4e54-a3af-350c0138f5a0,Implementation Advisor,2026-05-13T08:22:06.000000Z,archive:gohighlevel.com:ff2ad979-17a1-42d7-b206-96b9025b753d,ff2ad979-17a1-42d7-b206-96b9025b753d,Implementation Advisor,2026-07-13T05:58:32.000000Z,60.9003,1.0000,1.0000,1.0000,,1.0000,true,false,true,false,assignment,true_repost,"gohighlevel.com: same chain as rank 30; old 33125d36 -> ff2ad979 is the actually-correct ADJACENT chain link (confirmed a real distinct posting via board_snapshot_jobs, open 2026-07-13 to 2026-09-07) but lost the greedy one-to-one assignment to rank 30's skip-ahead pairing."
32,includedhealth.com,archive:includedhealth.com:3490cc12-ab63-45b4-a001-dee19c971760,3490cc12-ab63-45b4-a001-dee19c971760,Psychiatrist,2025-10-13T15:01:20.000000Z,archive:includedhealth.com:d22c01da-45f1-40e3-99d5-8a75c469dd8b,d22c01da-45f1-40e3-99d5-8a75c469dd8b,Psychiatrist,2025-10-13T15:01:20.000000Z,0.0000,1.0000,1.0000,1.0000,,1.0000,true,false,true,true,,different_role,"includedhealth.com Psychiatrist (PA): new candidate (d22c01da) is one of TWO parallel PA reqs (with dbd7252f, rank 33) opened simultaneously when old PA req (3490cc12) closed - same evergreen concurrent-duplicate pattern as WA/TX."
33,includedhealth.com,archive:includedhealth.com:3490cc12-ab63-45b4-a001-dee19c971760,3490cc12-ab63-45b4-a001-dee19c971760,Psychiatrist,2025-10-13T15:01:20.000000Z,archive:includedhealth.com:dbd7252f-1a59-41af-b0ec-f8e5105d5f34,dbd7252f-1a59-41af-b0ec-f8e5105d5f34,Psychiatrist,2025-10-13T15:01:20.000000Z,0.0000,1.0000,1.0000,1.0000,,1.0000,true,false,true,false,assignment,different_role,"includedhealth.com Psychiatrist (PA): sibling of rank 32 (dbd7252f), same concurrent-duplicate pattern."
34,notion.com,archive:notion.com:353342cf-247a-49d6-a2b5-91a0525a4bad,353342cf-247a-49d6-a2b5-91a0525a4bad,Revenue Accountant,2026-04-26T20:51:01.000000Z,archive:notion.com:39c352a7-3f90-4704-b2ff-92df50b4ca02,39c352a7-3f90-4704-b2ff-92df50b4ca02,Revenue Accountant,2026-07-02T07:31:32.000000Z,66.4448,1.0000,1.0000,1.0000,,1.0000,true,false,true,true,,true_repost,"notion.com Revenue Accountant: new job_id is confirmed ABSENT at three intermediate archive captures (Apr 28, May 27, Jun 8 x2) after old closed, only first appearing at the Jul 2 capture - a genuinely confirmed ~66-day closed window, one of the best-evidenced gaps in the sample."
35,ironcladapp.com,archive:ironcladapp.com:3578fa95-96dd-4998-a4fa-6e7d113dc255,3578fa95-96dd-4998-a4fa-6e7d113dc255,"Enterprise Solutions Engineer, EMEA",2025-11-06T00:54:40.000000Z,archive:ironcladapp.com:078648fb-f4a0-4909-98c9-71dcf75abfac,078648fb-f4a0-4909-98c9-71dcf75abfac,"Enterprise Solutions Engineer, EMEA",2025-11-06T00:54:40.000000Z,0.0000,1.0000,1.0000,1.0000,,1.0000,true,false,true,true,,true_repost,"ironcladapp.com: old 3578fa95 last seen 2025-09-18, absent by 2025-11-06 (7-week blind-gap coverage artifact, single-capture cadence); new 078648fb appears at that same capture and persists across 3 more captures through 2026-02-27 and into Sept; single lineage."
36,capital.com,archive:capital.com:36267881-7110-4bd0-9783-05372d9dcf29,36267881-7110-4bd0-9783-05372d9dcf29,Senior Technical Recruiter,2026-09-07T17:43:51.713871Z,lever:capital:ecf78211-861b-496b-a6fd-5d8f6a8888fe,ecf78211-861b-496b-a6fd-5d8f6a8888fe,Senior Technical Recruiter,2026-09-07T17:43:51.713871Z,0.0000,1.0000,1.0000,1.0000,,1.0000,true,false,true,true,,true_repost,"capital.com Senior Technical Recruiter (Sofia): title/location match exactly and old/new are the only two Sofia-track postings, but evidence is thin - the whole company has just ONE archive snapshot (2025-09-12) before our own crawl started a full year later (2026-09-07), so a real closure event can't be pinned down (a separate Warsaw req under the same title stayed continuously open the whole year, confirming per-city concurrent reqs exist but not per-city duplicates for Sofia)."
37,crypto.com,archive:crypto.com:3b2533fd-839e-4e74-8968-a74f855b4fa1,3b2533fd-839e-4e74-8968-a74f855b4fa1,Senior Product Designer,2025-11-15T23:27:13.000000Z,archive:crypto.com:6a440cad-22ad-4cbf-8f6b-c738f8e3a3b6,6a440cad-22ad-4cbf-8f6b-c738f8e3a3b6,Senior Product Designer,2025-11-15T23:27:13.000000Z,0.0000,1.0000,1.0000,1.0000,1.0000,1.0000,true,false,true,true,,true_repost,"crypto.com: old 3b2533fd present through 2025-11-10, absent by next capture 2025-11-15 (10-day cadence); new 6a440cad appears in that same capture with an IDENTICAL description_hash (b2502ea7...) and persists to 2026-02-07; not part of a bulk ID-churn event (same check as rank 28)."
38,gohighlevel.com,archive:gohighlevel.com:3d04fe80-bf33-4b83-9302-81874b7e0cbe,3d04fe80-bf33-4b83-9302-81874b7e0cbe,Implementation Advisor,2026-04-17T20:24:02.000000Z,archive:gohighlevel.com:33125d36-0f0a-4e54-a3af-350c0138f5a0,33125d36-0f0a-4e54-a3af-350c0138f5a0,Implementation Advisor,2026-04-17T20:24:02.000000Z,0.0000,1.0000,1.0000,1.0000,,1.0000,true,false,true,true,,true_repost,"gohighlevel.com: correct adjacent chain link - old 3d04fe80 (absent 2026-04-17) -> new 33125d36 (first_observed 2026-04-17, the very next capture); matches the postings table's own replacement_job_id."
39,gohighlevel.com,archive:gohighlevel.com:3d04fe80-bf33-4b83-9302-81874b7e0cbe,3d04fe80-bf33-4b83-9302-81874b7e0cbe,Implementation Advisor,2026-04-17T20:24:02.000000Z,archive:gohighlevel.com:ff2ad979-17a1-42d7-b206-96b9025b753d,ff2ad979-17a1-42d7-b206-96b9025b753d,Implementation Advisor,2026-07-13T05:58:32.000000Z,86.3990,1.0000,1.0000,1.0000,,1.0000,true,false,true,false,assignment,true_repost,"gohighlevel.com: same chain as rank 38 but SKIPS 33125d36; old 3d04fe80 (absent 2026-04-17) is paired directly with ff2ad979 (2026-07-13), inflating the gap to 86.4 days vs the true two-step path."
40,incident.io,archive:incident.io:44422a54-47a8-49ae-ba3a-0dabd6630820,44422a54-47a8-49ae-ba3a-0dabd6630820,Product Engineer,2026-09-07T17:43:51.713871Z,ashby:incident:b4edacb2-1008-476f-9b96-d5c9f39b81a9,b4edacb2-1008-476f-9b96-d5c9f39b81a9,Product Engineer,2026-09-07T17:43:51.713871Z,0.0000,1.0000,1.0000,1.0000,,1.0000,true,false,true,true,,true_repost,"incident.io: part of a verified 3-link 'Product Engineer/Engineering/London' chain (89545f48->44422a54->b4edacb2); this is the correct adjacent final step - 44422a54 absent at the 2026-09-07 capture, b4edacb2 appears at that same own crawl and persists with a stable hash to 09-08, no intermediate skipped."
41,harvey.ai,archive:harvey.ai:4460730f-f4b4-4cb7-a3c7-7ec96a91f9c1,4460730f-f4b4-4cb7-a3c7-7ec96a91f9c1,Contracts Manager,2026-03-03T04:13:49.000000Z,archive:harvey.ai:285f2b7f-99a0-4fa1-9cc1-5c06b31c24ab,285f2b7f-99a0-4fa1-9cc1-5c06b31c24ab,Contracts Manager,2026-06-25T09:41:22.000000Z,114.2275,1.0000,1.0000,1.0000,,1.0000,true,false,true,true,,true_repost,"harvey.ai: old 4460730f present through 4 consecutive archive captures, absent by 2026-03-03; new 285f2b7f appears once at 2026-06-25 and is itself closed again by the 2026-09-07 own crawl - a full open-then-close lifecycle observed, confirming a genuine distinct listing."
42,harvey.ai,archive:harvey.ai:44c1150c-daaf-4c63-b3f8-07bef4a8cae6,44c1150c-daaf-4c63-b3f8-07bef4a8cae6,Mid Market Sales Manager,2026-06-25T09:41:22.000000Z,ashby:harvey:83a438ac-a6f8-4388-983a-ec95155a2604,83a438ac-a6f8-4388-983a-ec95155a2604,Mid Market Sales Manager,2026-06-25T09:41:22.000000Z,0.0000,1.0000,1.0000,1.0000,,1.0000,true,false,true,true,,true_repost,"harvey.ai: old 44c1150c absent by 2026-06-25 (last present 2026-03-03); new ashby:83a438ac appears at that capture and persists with a stable hash through Sept; unique title/team/location, no rival."
43,harvey.ai,archive:harvey.ai:4873bc4f-d9b4-462f-b671-132f4e4fb469,4873bc4f-d9b4-462f-b671-132f4e4fb469,"Staff Software Engineer, Full Stack",2026-06-25T09:41:22.000000Z,ashby:harvey:22635945-1052-45e7-9b13-f94aabce8e9b,22635945-1052-45e7-9b13-f94aabce8e9b,"Staff Software Engineer, Full Stack",2026-06-25T09:41:22.000000Z,0.0000,1.0000,1.0000,1.0000,,1.0000,true,false,true,true,,true_repost,harvey.ai: old 4873bc4f absent by 2026-06-25 (last present 2026-03-03); new ashby:22635945 appears at that capture and persists with a stable hash through both own crawls; no rival candidate.
44,notion.com,archive:notion.com:490dc0d9-81c5-4c29-af4e-eb6348201aeb,490dc0d9-81c5-4c29-af4e-eb6348201aeb,"Account Executive, Commercial, Benelux",2026-04-26T20:51:01.000000Z,archive:notion.com:b72aff80-4430-47c4-801c-61d3e4e80f53,b72aff80-4430-47c4-801c-61d3e4e80f53,"Account Executive, Commercial, Benelux",2026-04-26T20:51:01.000000Z,0.0000,1.0000,1.0000,1.0000,,1.0000,true,false,true,true,,true_repost,"notion.com AE, Commercial, Benelux: single Dublin lineage (490dc0d9->b72aff80), no duplicates."
45,harvey.ai,archive:harvey.ai:492df1bc-b585-4d2d-9417-bb1ba068db07,492df1bc-b585-4d2d-9417-bb1ba068db07,IT Operations Analyst,2026-06-25T09:41:22.000000Z,ashby:harvey:c78db388-c1e6-4587-9f6e-17c3921d5564,c78db388-c1e6-4587-9f6e-17c3921d5564,IT Operations Analyst ,2026-09-07T17:43:51.713871Z,74.3351,1.0000,1.0000,1.0000,,1.0000,true,false,true,true,,unclear,"harvey.ai: old 492df1bc (IT Operations Analyst/IT/San Francisco) has TWO candidate successors appearing at the identical 2026-09-07 own-crawl snapshot - c78db388 (hash 14fe3f6b...) and f940d275 (hash fe6a6341..., rank 46's candidate); different content hashes confirm two genuinely distinct, concurrently-live SF listings; DB can't tell which succeeds the closed old posting."
46,harvey.ai,archive:harvey.ai:492df1bc-b585-4d2d-9417-bb1ba068db07,492df1bc-b585-4d2d-9417-bb1ba068db07,IT Operations Analyst,2026-06-25T09:41:22.000000Z,ashby:harvey:f940d275-4719-4aa9-b2fb-31d8046127d8,f940d275-4719-4aa9-b2fb-31d8046127d8,IT Operations Analyst,2026-09-07T17:43:51.713871Z,74.3351,1.0000,1.0000,1.0000,,1.0000,true,false,true,false,assignment,unclear,"harvey.ai: same collision as rank 45 from the other candidate's side (f940d275) - a genuine parallel-req collision at the same snapshot, insufficient evidence to prefer either over its rival."
47,crypto.com,archive:crypto.com:4fcb3090-5ca2-403f-bb20-dfd0dcce0a40,4fcb3090-5ca2-403f-bb20-dfd0dcce0a40,Senior Financial Analyst,2025-10-19T07:03:15.000000Z,archive:crypto.com:0e4a81a3-88e8-4ea0-abdb-86f1d33cf391,0e4a81a3-88e8-4ea0-abdb-86f1d33cf391,Senior Financial Analyst,2025-11-08T00:00:13.000000Z,19.7062,1.0000,1.0000,1.0000,1.0000,1.0000,true,false,true,true,,true_repost,"crypto.com: old 4fcb3090 observed only once (2025-10-10), absent by the very next capture 2025-10-19; new 0e4a81a3 appears at the NEXT capture after that, 2025-11-08 (confirmed adjacent, ~19.7-day real gap) with an identical description_hash (417752...) and persists through 2026-02-07."
48,harvey.ai,archive:harvey.ai:51fb953a-c494-4a09-8fe2-8d7268b863ec,51fb953a-c494-4a09-8fe2-8d7268b863ec,"Senior Software Engineer, AI Platform",2026-09-07T17:43:51.713871Z,ashby:harvey:d00dc18e-862b-4391-a3f1-5cd49c07f8e7,d00dc18e-862b-4391-a3f1-5cd49c07f8e7,"Senior Software Engineer, AI Platform",2026-09-07T17:43:51.713871Z,0.0000,1.0000,1.0000,1.0000,,1.0000,true,false,true,true,,true_repost,"harvey.ai: old 51fb953a observed only once (2026-06-25), absent by 2026-09-07 own crawl; new ashby:d00dc18e appears at that exact crawl and persists to 09-08 with a stable hash; clean single lineage."
49,clay.com,archive:clay.com:53939c5e-9be7-4988-ba29-de526f7906ae,53939c5e-9be7-4988-ba29-de526f7906ae,Account Executive (GTME - New Business),2026-08-28T21:18:40.000000Z,ashby:claylabs:1cd80341-4e0d-4db8-890e-ad916ebba1c0,1cd80341-4e0d-4db8-890e-ad916ebba1c0,Account Executive (GTME - New Business),2026-08-28T21:18:40.000000Z,0.0000,1.0000,1.0000,1.0000,1.0000,1.0000,true,false,true,true,,version,"clay.com Account Executive (GTME - New Business): old (53939c5e) and new (1cd80341) share an IDENTICAL description_hash (b3abcce9...), and that same hash also belongs to a third predecessor id (edcab69b) spanning Jul 15 - Aug 28 continuously - three different Ashby job ids in 6 weeks, byte-identical JD text, zero gap between each hop; this is one continuously-live listing whose Ashby id keeps getting reissued, not a real close/repost cycle."
50,figma.com,archive:figma.com:5537975004,5537975004,"Manager, GTM Finance",2025-10-04T09:26:08.000000Z,archive:figma.com:5722839004,5722839004,"Manager, GTM Finance",2026-01-06T10:03:39.000000Z,94.0261,1.0000,,1.0000,,1.0000,true,false,true,true,,true_repost,"figma.com Manager, GTM Finance: old id's absence is confirmed across SIX separate archive captures (Oct 4/7/23, Nov 3/6/7 2025) with no reappearance before the new id surfaces in Jan 2026; same team (Business Operations) and location, but description_hash differs (0845e13... vs 0e40070...) confirming a genuine JD refresh rather than a duplicated listing - strongest-evidenced pair in the batch."
