company_name,website_domain,ats,tenant,open_job_count,checked_at
Affirm,affirm.com,greenhouse,affirm,204,2026-09-07T03:22:59.492376+00:00
Airbnb,airbnb.com,greenhouse,airbnb,167,2026-09-07T03:23:00.748903+00:00
Airtable,airtable.com,greenhouse,airtable,16,2026-09-07T03:23:01.936787+00:00
Asana,asana.com,greenhouse,asana,115,2026-09-07T03:23:03.159483+00:00
Brex,brex.com,greenhouse,brex,282,2026-09-07T03:23:04.375676+00:00
Carta,carta.com,greenhouse,carta,61,2026-09-07T03:23:05.627885+00:00
Chime,chime.com,greenhouse,chime,65,2026-09-07T03:23:07.254470+00:00
Coinbase,coinbase.com,greenhouse,coinbase,192,2026-09-07T03:23:08.486506+00:00
Discord,discord.com,greenhouse,discord,48,2026-09-07T03:23:09.925260+00:00
Duolingo,duolingo.com,greenhouse,duolingo,89,2026-09-07T03:23:11.382685+00:00
Elastic,elastic.co,greenhouse,elastic,365,2026-09-07T03:23:12.522876+00:00
Faire,faire.com,greenhouse,faire,60,2026-09-07T03:23:13.979925+00:00
Figma,figma.com,greenhouse,figma,157,2026-09-07T03:23:15.121206+00:00
GitLab,gitlab.com,greenhouse,gitlab,229,2026-09-07T03:23:16.377928+00:00
Grafana Labs,grafana.com,greenhouse,grafanalabs,131,2026-09-07T03:23:17.825490+00:00
Gusto,gusto.com,greenhouse,gusto,95,2026-09-07T03:23:19.026155+00:00
Instacart,instacart.com,greenhouse,instacart,110,2026-09-07T03:23:20.270066+00:00
LaunchDarkly,launchdarkly.com,greenhouse,launchdarkly,48,2026-09-07T03:23:21.420508+00:00
Mercury,mercury.com,greenhouse,mercury,58,2026-09-07T03:23:22.766514+00:00
Miro,miro.com,greenhouse,realtimeboardglobal,38,2026-09-07T03:23:23.998864+00:00
Okta,okta.com,greenhouse,okta,313,2026-09-07T03:23:25.140157+00:00
PagerDuty,pagerduty.com,greenhouse,pagerduty,43,2026-09-07T03:23:26.292792+00:00
Pinterest,pinterest.com,greenhouse,pinterest,189,2026-09-07T03:23:27.434061+00:00
Postman,postman.com,greenhouse,postman,63,2026-09-07T03:23:28.661586+00:00
Reddit,reddit.com,greenhouse,reddit,148,2026-09-07T03:23:29.887200+00:00
Robinhood,robinhood.com,greenhouse,robinhood,128,2026-09-07T03:23:31.079675+00:00
Scale AI,scale.com,greenhouse,scaleai,215,2026-09-07T03:23:32.347361+00:00
Twilio,twilio.com,greenhouse,twilio,147,2026-09-07T03:23:33.494786+00:00
Vercel,vercel.com,greenhouse,vercel,86,2026-09-07T03:23:34.704989+00:00
Webflow,webflow.com,greenhouse,webflow,29,2026-09-07T03:23:35.855444+00:00
Ramp,ramp.com,ashby,ramp,142,2026-09-07T03:23:37.059980+00:00
Linear,linear.app,ashby,linear,29,2026-09-07T03:23:38.461004+00:00
Modal Labs,modal.com,ashby,modal,30,2026-09-07T03:23:39.615661+00:00
Replit,replit.com,ashby,replit,71,2026-09-07T03:23:40.762944+00:00
Notion,notion.com,ashby,notion,133,2026-09-07T03:23:41.987129+00:00
Temporal Technologies,temporal.io,ashby,temporal,66,2026-09-07T03:23:43.209942+00:00
PostHog,posthog.com,ashby,posthog,9,2026-09-07T03:23:44.407829+00:00
incident.io,incident.io,ashby,incident,20,2026-09-07T03:23:45.658465+00:00
Pinecone,pinecone.io,ashby,pinecone,6,2026-09-07T03:23:46.805779+00:00
Baseten,baseten.co,ashby,baseten,88,2026-09-07T03:23:47.945044+00:00
Attio,attio.com,ashby,attio,48,2026-09-07T03:23:49.166895+00:00
Vanta,vanta.com,ashby,vanta,111,2026-09-07T03:23:50.333269+00:00
Drata,drata.com,ashby,drata,37,2026-09-07T03:23:51.551259+00:00
Middesk,middesk.com,ashby,middesk,20,2026-09-07T03:23:52.719272+00:00
Watershed,watershed.com,ashby,watershed,32,2026-09-07T03:23:53.904921+00:00
Ironclad,ironcladapp.com,ashby,ironcladhq,33,2026-09-07T03:23:55.425024+00:00
Merge,merge.dev,ashby,merge,17,2026-09-07T03:23:56.601583+00:00
Zip,zip.com,ashby,zip,122,2026-09-07T03:23:57.745379+00:00
Anrok,anrok.com,ashby,anrok,22,2026-09-07T03:23:58.986023+00:00
Perplexity AI,perplexity.ai,ashby,perplexity,112,2026-09-07T03:24:00.133843+00:00
Cognition Labs,cognition.com,ashby,cognition,91,2026-09-07T03:24:01.453418+00:00
Sierra,sierra.ai,ashby,Sierra,212,2026-09-07T03:24:02.644178+00:00
Harvey AI,harvey.ai,ashby,harvey,348,2026-09-07T03:24:03.939816+00:00
ElevenLabs,elevenlabs.io,ashby,elevenlabs,252,2026-09-07T03:24:05.271985+00:00
Runway,runwayml.com,ashby,runway-ml,40,2026-09-07T03:24:06.591619+00:00
Gamma,gamma.app,ashby,gamma,32,2026-09-07T03:24:07.789286+00:00
Clay,clay.com,ashby,claylabs,57,2026-09-07T03:24:08.940654+00:00
Mistral AI,mistral.ai,ashby,mistral.ai,178,2026-09-07T03:24:10.116095+00:00
Cursor (Anysphere),cursor.com,ashby,cursor,124,2026-09-07T03:24:11.392326+00:00
Palantir Technologies,palantir.com,lever,palantir,310,2026-09-07T03:24:12.720030+00:00
Binance,binance.com,lever,binance,286,2026-09-07T03:24:18.225827+00:00
Included Health,includedhealth.com,lever,includedhealth,149,2026-09-07T03:24:19.993664+00:00
HighLevel,gohighlevel.com,lever,gohighlevel,88,2026-09-07T03:24:21.517421+00:00
Jeeves,tryjeeves.com,lever,tryjeeves,71,2026-09-07T03:24:23.290350+00:00
Hive,thehive.ai,lever,hive,76,2026-09-07T03:24:24.518012+00:00
Crypto.com,crypto.com,lever,crypto,56,2026-09-07T03:24:25.775818+00:00
Ro,ro.co,lever,ro,47,2026-09-07T03:24:27.257596+00:00
Capital.com,capital.com,lever,capital,38,2026-09-07T03:24:28.508106+00:00
Rover,rover.com,lever,rover,28,2026-09-07T03:24:29.747164+00:00
AngelList,angellist.com,lever,angellist,26,2026-09-07T03:24:31.244503+00:00
Swile,swile.co,lever,swile,25,2026-09-07T03:24:32.461886+00:00
MoonPay,moonpay.com,lever,moonpay,22,2026-09-07T03:24:33.797827+00:00
Sword Health,swordhealth.com,lever,swordhealth,19,2026-09-07T03:24:35.236481+00:00
Voltus,voltus.co,lever,voltus,19,2026-09-07T03:24:36.454572+00:00
Level AI,thelevel.ai,lever,levelai,19,2026-09-07T03:24:37.682368+00:00
Arcadia,arcadia.io,lever,arcadia,18,2026-09-07T03:24:38.961548+00:00
Deputy,deputy.com,lever,deputy,11,2026-09-07T03:24:40.183494+00:00
JustWatch,justwatch.com,lever,justwatch,10,2026-09-07T03:24:41.468348+00:00
C12 Quantum Electronics,c12qe.com,lever,c12qe,11,2026-09-13T02:12:14.869293+00:00
C1,c1.ai,ashby,c1,13,2026-09-13T02:04:38.054134+00:00
Cabo Norte Professionals,cabonorte.eu,lever,cabonorte,31,2026-09-13T02:04:38.872176+00:00
66degrees,66degrees.com,greenhouse,66degrees,27,2026-09-13T02:04:40.648266+00:00
CAI,caiready.com,lever,cagents,100,2026-09-13T02:04:44.121553+00:00
6sense,6sense.com,greenhouse,6sense,30,2026-09-13T02:04:45.799579+00:00
Callosum,callosum.com,ashby,callosum,17,2026-09-13T02:04:50.649828+00:00
Camber,camber.health,ashby,camber,15,2026-09-13T02:04:54.205294+00:00
Cambio AI Inc.,cambio.ai,ashby,cambio,9,2026-09-13T02:04:56.211949+00:00
"CampusWorks, Inc.",campusworksinc.com,lever,campusworksinc,20,2026-09-13T02:04:58.907602+00:00
Campfire,campfire.ai,ashby,campfire,34,2026-09-13T02:05:25.750091+00:00
Canary Technologies Corp,canarytechnologies.com,lever,canarytechnologies,26,2026-09-13T02:05:27.524796+00:00
Campus,campus.edu,ashby,campus,19,2026-09-13T02:05:28.103031+00:00
C and L Inspection,candlinspection.com,lever,candlinspection,37,2026-09-13T02:05:28.760743+00:00
Camunda,camunda.com,ashby,camunda,31,2026-09-13T02:05:29.435914+00:00
Capital on Tap,capitalontap.com,greenhouse,capitalontap,35,2026-09-13T02:05:31.513031+00:00
Canals,canals.ai,ashby,canals,26,2026-09-13T02:05:31.923294+00:00
Candid Health,candidhealth.com,ashby,candidhealth,38,2026-09-13T02:05:46.549580+00:00
Canvas Worldwide,canvasworldwide.com,lever,canvasww,17,2026-09-13T02:05:48.426303+00:00
Careem,careem.com,greenhouse,careem,21,2026-09-13T02:05:49.846335+00:00
Cantina,cantina.com,ashby,cantina,22,2026-09-13T02:05:50.272711+00:00
Capital Solutions Group,capitalsolutionsgroup.com,lever,capitalsolutionsgroup,28,2026-09-13T02:05:53.015989+00:00
Capable Labs,capable.com,ashby,capable,19,2026-09-13T02:06:08.518621+00:00
CaptivateIQ,captivateiq.com,lever,captivateiq,27,2026-09-13T02:06:11.672441+00:00
Cape,cape.co,ashby,cape,26,2026-09-13T02:06:12.268527+00:00
Capi Money,capimoney.com,ashby,capimoney,8,2026-09-13T02:12:15.396607+00:00
Celigo,celigo.com,greenhouse,celigo,22,2026-09-13T02:06:42.416879+00:00
Capsa AI,capsa.ai,ashby,capsa,8,2026-09-13T02:06:42.967895+00:00
Censys,censys.com,greenhouse,censys,37,2026-09-13T02:06:45.155065+00:00
Chan Zuckerberg Initiative,chanzuckerberg.com,greenhouse,chanzuckerberginitiative,11,2026-09-13T02:06:51.858309+00:00
Cara,getcara.ai,ashby,cara-ai,9,2026-09-13T02:06:52.415322+00:00
Charles River Associates,crai.com,greenhouse,charlesriverassociates,79,2026-09-13T02:26:44.924408+00:00
Cardless,cardless.com,ashby,cardless,25,2026-09-13T02:06:59.094436+00:00
Carewest Innovative Healthcare,carewest.ca,lever,carewest,37,2026-09-13T02:07:00.439330+00:00
cargo-partner,cargo-partner.com,lever,cargo-partner,90,2026-09-13T02:07:01.405379+00:00
AZX,azx.io,ashby,careers.azx.io,8,2026-09-13T02:07:02.027038+00:00
Careerswift,careerswift.ai,ashby,careerswift.ai,125,2026-09-13T02:07:30.210102+00:00
CarTrawler,cartrawler.com,lever,cartrawler,12,2026-09-13T02:07:33.577326+00:00
Caseware,caseware.com,lever,caseware,60,2026-09-13T02:07:39.727440+00:00
Jinba.io,jinba.io,ashby,carnot-ai,9,2026-09-13T02:07:40.387125+00:00
Playlist,playlist.com,greenhouse,classpass,39,2026-09-13T02:23:40.326202+00:00
Chinese American Service League,caslservice.org,lever,caslservice,8,2026-09-13T02:12:26.089468+00:00
Clear Street,clearstreet.io,greenhouse,clearstreet,31,2026-09-13T02:07:49.120561+00:00
Cartesia,cartesia.ai,ashby,cartesia,31,2026-09-13T02:07:49.740061+00:00
Cleerly,cleerly.com,greenhouse,cleerlyhealth,21,2026-09-13T02:07:52.090717+00:00
CLEVR,clevr.com,greenhouse,clevr,14,2026-09-13T02:07:54.276592+00:00
Carwow,carwow.co.uk,ashby,carwow,33,2026-09-13T02:07:54.730305+00:00
Cloud Accountant Staffing,cloudaccountantstaffing.com,ashby,cas,9,2026-09-13T02:07:55.788363+00:00
Casa,getcasa.com,ashby,casa,17,2026-09-13T02:07:56.758588+00:00
Casca,cascading.ai,ashby,casca,8,2026-09-13T02:08:00.432259+00:00
CloudSEK,cloudsek.com,greenhouse,cloudsek,14,2026-09-13T02:08:07.480718+00:00
CDC Foundation,cdcfoundation.org,lever,cdcfoundation,9,2026-09-13T02:08:08.253384+00:00
Celerion,celerion.com,lever,celerion,29,2026-09-13T02:08:13.285247+00:00
Code3,code3.com,greenhouse,code3,11,2026-09-13T02:08:19.694304+00:00
Cohere Health,coherehealth.com,greenhouse,coherehealth,79,2026-09-13T02:08:22.599493+00:00
Causal Labs,causallabs.ai,ashby,causal,20,2026-09-13T02:08:24.376324+00:00
Centuria,centuria.com,lever,centuria,23,2026-09-13T02:08:27.231878+00:00
College Track,collegetrack.org,greenhouse,collegetrack,8,2026-09-13T02:08:28.727161+00:00
commercetools,commercetools.com,greenhouse,commercetools,30,2026-09-13T02:08:31.664577+00:00
CertiK,certik.com,lever,certik,27,2026-09-13T02:08:34.685403+00:00
ComparaJá,xn--comparaj-gza.pt,greenhouse,comparaja,81,2026-09-13T02:08:37.242382+00:00
"CESO, Inc.",cesoinc.com,lever,ceso,38,2026-09-13T02:08:37.939202+00:00
Compass Health Center,compasshealthcenter.net,greenhouse,compasshealthcenter,69,2026-09-13T02:08:40.372796+00:00
CFGI,cfgi.com,lever,cfgi,81,2026-09-13T02:08:41.959261+00:00
Coney Island Prep,coneyislandprep.org,greenhouse,coneyislandprep,8,2026-09-13T02:08:45.574500+00:00
Challenge Preparatory Charter School,challengecharterschools.org,lever,challengecharterschools,27,2026-09-13T02:08:52.187888+00:00
Centerfield,centerfield.com,ashby,centerfield,19,2026-09-13T02:08:52.971324+00:00
Centivo,centivo.com,ashby,centivo,17,2026-09-13T02:08:53.816542+00:00
Convera,convera.com,greenhouse,convera,55,2026-09-13T02:12:31.814381+00:00
Corcept Therapeutics,corcept.com,greenhouse,corcepttherapeutics,85,2026-09-13T02:09:04.337117+00:00
Cerebras Systems,cerebras.ai,ashby,cerebras,111,2026-09-13T02:09:04.905834+00:00
Job Board,corelight.com,greenhouse,corelight,15,2026-09-13T02:09:07.593516+00:00
CertifyOS,certifyos.com,ashby,certifyos,11,2026-09-13T02:09:08.011520+00:00
CoreWeave,coreweave.com,greenhouse,coreweave,295,2026-09-13T02:09:36.015693+00:00
Co–Star,costarastrology.com,greenhouse,costar,8,2026-09-13T02:09:41.705664+00:00
"Couchbase, Inc.",couchbase.com,greenhouse,couchbaseinc,15,2026-09-13T02:09:43.861074+00:00
Chai Discovery,chaidiscovery.com,ashby,chaidiscovery,15,2026-09-13T02:09:47.401960+00:00
Canopy A&D,canopy-ad.com,lever,canopy-ad,26,2026-09-13T02:14:20.191811+00:00
Capsule,capsule.video,ashby,capsule,9,2026-09-13T02:14:23.081141+00:00
Capital Technology Group,capitaltg.com,greenhouse,capitaltg,9,2026-09-13T02:14:26.746170+00:00
Chainalysis,chainalysis.com,ashby,chainalysis-careers,48,2026-09-13T02:14:27.123943+00:00
Kind Behavioral Health,carolinacenterforaba.com,lever,carolinacenterforaba,51,2026-09-13T02:14:27.827966+00:00
Chainalysis Government Solutions,chainalysis.com,ashby,chainalysis-government-solutions,8,2026-09-13T02:14:31.292366+00:00
Commonwealth Fusion Systems,cfs.energy,lever,cfsenergy,104,2026-09-13T02:14:32.609804+00:00
ChowNow,chownow.com,lever,chownow,16,2026-09-13T02:15:06.147352+00:00
Chamelio,chamelio.ai,ashby,chamelio,9,2026-09-13T02:15:09.344288+00:00
CI&T,ciandt.com,lever,ciandt,196,2026-09-13T02:15:17.023449+00:00
Character.AI,character.ai,ashby,character,13,2026-09-13T02:15:17.715417+00:00
CIC,cic.com,lever,cic,14,2026-09-13T02:15:18.254581+00:00
Cranial Technologies,cranialtech.com,greenhouse,cranialtechnologies,59,2026-09-13T02:15:19.765693+00:00
Creative Fabrica,creativefabrica.com,greenhouse,creativefabrica,19,2026-09-13T02:15:21.890622+00:00
Charge Robotics,chargerobotics.com,ashby,charge-robotics,14,2026-09-13T02:15:22.279607+00:00
"CIM Group, LP",cimgroup.com,lever,cimgroup,45,2026-09-13T02:15:22.817957+00:00
Chariot,givechariot.com,ashby,chariot,18,2026-09-13T02:15:23.427414+00:00
Cin7,cin7.com,lever,cin7,10,2026-09-13T02:15:23.939773+00:00
Circadia Health,circadia.health,lever,circadiahealth,53,2026-09-13T02:15:26.028571+00:00
Circle Care Services,circlecareservices.com,lever,circlecareservices,40,2026-09-13T02:15:29.147609+00:00
Charta Health,chartahealth.com,ashby,chartahealth,17,2026-09-13T02:15:30.009468+00:00
"Crunchyroll, LLC",crunchyroll.com,greenhouse,crunchyroll,72,2026-09-13T02:15:34.639816+00:00
Chartis,chartis.com,ashby,chartis,33,2026-09-13T02:15:35.170048+00:00
Cirque du Soleil Entertainment Group,cirquedusoleil.com,lever,cirquedusoleil,69,2026-09-13T02:15:35.829644+00:00
Culture Amp,cultureamp.com,greenhouse,cultureamp,37,2026-09-13T02:15:38.282757+00:00
Curaleaf,curaleaf.com,greenhouse,curaleaf,250,2026-09-13T02:15:40.309606+00:00
Check,checkhq.com,ashby,check-technologies,18,2026-09-13T02:15:40.840949+00:00
Checkatrade,checkatrade.com,ashby,checkatrade,21,2026-09-13T02:15:44.167889+00:00
Civitech,civitech.io,lever,civitech,11,2026-09-13T02:15:44.963133+00:00
Checkout.com,checkout.com,ashby,checkout.com,168,2026-09-13T02:15:51.036075+00:00
C3 AI,c3.ai,greenhouse,c3iot,68,2026-09-13T02:15:58.215259+00:00
C6 Bank,c6bank.com.br,greenhouse,c6bank,156,2026-09-13T02:16:00.044199+00:00
Choco,choco.com,ashby,choco,8,2026-09-13T02:16:03.862005+00:00
CleanSpark,cleanspark.com,lever,cleanspark,8,2026-09-13T02:16:05.676710+00:00
Cabify,cabify.careers,greenhouse,cabify,68,2026-09-13T02:16:07.160647+00:00
ClearEdge,clearedgeit.com,lever,clearedge,37,2026-09-13T02:16:14.715412+00:00
Cinder,cinder.ai,ashby,cinder,8,2026-09-13T02:16:19.391618+00:00
Circleback,circleback.ai,ashby,circleback,11,2026-09-13T02:16:23.996231+00:00
CircuitHub,circuithub.com,ashby,circuithub,9,2026-09-13T02:16:27.091656+00:00
Ciroos,ciroos.ai,ashby,ciroos,8,2026-09-13T02:16:30.105959+00:00
CAIS,caisgroup.com,greenhouse,cais,12,2026-09-13T02:16:38.691759+00:00
Cala Health,calahealth.com,greenhouse,calahealth,9,2026-09-13T02:16:47.607026+00:00
Claim Health,claimhealth.com,ashby,claim-health,8,2026-09-13T02:16:48.120889+00:00
CLO Virtual Fashion,clovirtualfashion.com,lever,clovirtualfashion,52,2026-09-13T02:16:48.980950+00:00
ClaimSorted,claimsorted.com,ashby,claimsorted,16,2026-09-13T02:16:51.815130+00:00
Clarasight,clarasight.com,ashby,clarasight,13,2026-09-13T02:16:54.014959+00:00
California Academy of Sciences,calacademy.org,greenhouse,californiaacademyofsciences,12,2026-09-13T02:26:48.344471+00:00
Capital Markets Gateway,cmgx.io,lever,cmgx,11,2026-09-13T02:17:02.825258+00:00
Clarion,clarionhealth.com,ashby,clarion,11,2026-09-13T02:17:03.512380+00:00
Coalfire,coalfire.com,lever,coalfire,13,2026-09-13T02:17:05.744084+00:00
Coates Group,coatesgroup.com,lever,coatesgroup,19,2026-09-13T02:17:07.059779+00:00
ClarityPay,claritypay.com,ashby,claritypay,28,2026-09-13T02:17:07.701872+00:00
Clarity Pediatrics,claritypediatrics.com,ashby,claritypediatrics,24,2026-09-13T02:17:09.796131+00:00
Clarium,clariumhealth.com,ashby,clarium,8,2026-09-13T02:17:11.622555+00:00
Clark,getclark.com,ashby,clark,15,2026-09-13T02:17:13.206369+00:00
Coderio,coderio.com,lever,coderio,22,2026-09-13T02:17:15.201353+00:00
Calyxo,calyxoinc.com,greenhouse,calyxo,20,2026-09-13T02:17:16.697387+00:00
CAMP,camp.com,greenhouse,camp,34,2026-09-13T02:17:19.639469+00:00
Clasp,clasp.com,ashby,clasp-group,11,2026-09-13T02:17:20.129533+00:00
ClassDojo,classdojo.com,ashby,classdojo,10,2026-09-13T02:17:22.044716+00:00
Cogent Talent Solutions,cogentanalytics.com,lever,cogentanalytics,182,2026-09-13T02:17:25.691385+00:00
ClearBank,clear.bank,ashby,clearbank,10,2026-09-13T02:17:26.365164+00:00
Candid,candidco.com,greenhouse,candid,16,2026-09-13T02:17:31.477253+00:00
Clera,getclera.com,ashby,clera,280,2026-09-13T02:17:32.102254+00:00
Coins.ph,coins.ph,lever,coins,119,2026-09-13T02:17:40.391907+00:00
Cannabis & Glass,cannabisandglass.com,greenhouse,cannabisandglass,8,2026-09-13T02:17:41.951409+00:00
ClickHouse,clickhouse.com,ashby,clickhouse,187,2026-09-13T02:17:42.585652+00:00
Canonical,canonical.com,greenhouse,canonical,303,2026-09-13T02:17:45.252782+00:00
ClickUp,clickup.com,ashby,clickup,62,2026-09-13T02:17:45.788328+00:00
Canopy,getcanopy.com,greenhouse,canopytax,10,2026-09-13T02:17:49.675689+00:00
Clipboard,clipboardworks.com,ashby,clipboard,34,2026-09-13T02:17:53.821345+00:00
Eastern Communications,easterncommunications.com,lever,eastern-communications,17,2026-09-13T02:17:54.499467+00:00
Clipbook,clipbook.com,ashby,clipbook,9,2026-09-13T02:17:55.071395+00:00
Cloaked,cloaked.com,ashby,cloaked,13,2026-09-13T02:17:56.107776+00:00
CAPFI,capfi.fr,greenhouse,capfigroupe,30,2026-09-13T02:17:57.954278+00:00
Capgemini Invent,capgemini.com,greenhouse,capgeminideutschlandgmbh,109,2026-09-13T02:18:02.697347+00:00
Cloudscaler,cloudscaler.com,ashby,cloudscaler,9,2026-09-13T02:18:10.901685+00:00
Lightcast,lightcast.io,lever,economicmodeling,28,2026-09-13T02:18:12.520295+00:00
CloudZero,cloudzero.com,ashby,cloudzero,15,2026-09-13T02:18:13.124757+00:00
econstruct,econstruct.co,lever,econstruct,19,2026-09-13T02:18:13.605938+00:00
Ecosystem,ecosystem-energy.com,lever,ecosystem,14,2026-09-13T02:18:14.632325+00:00
Edge OFS,edgeofs.com,lever,edgeofs,24,2026-09-13T02:18:17.855372+00:00
"Carbon, Inc.",carbon3d.com,greenhouse,carbon,14,2026-09-13T02:18:23.333338+00:00
Cooper Moss Rutland,cmr.london,ashby,cmr.london,35,2026-09-13T02:18:23.828028+00:00
Educative Inc,educative.io,lever,educative,11,2026-09-13T02:18:26.571454+00:00
Coastal Community Bank,coastalbank.com,ashby,coastal,14,2026-09-13T02:18:27.220651+00:00
Egen,egen.ai,lever,egen,16,2026-09-13T02:18:28.753674+00:00
eGenesis,egenesisbio.com,lever,egenesisbio,12,2026-09-13T02:18:37.157442+00:00
Cobot,co.bot,ashby,cobot,12,2026-09-13T02:18:37.841662+00:00
Ekimetrics,eki.academy,lever,ekimetrics,32,2026-09-13T02:18:40.243304+00:00
Coco,cocodelivery.com,ashby,cocodelivery,12,2026-09-13T02:18:40.903362+00:00
Care Access,careaccess.com,greenhouse,careaccess,38,2026-09-13T02:18:42.849225+00:00
Electric Mind,electricmind.com,lever,electricmind,13,2026-09-13T02:18:44.708600+00:00
"CareDx, Inc.",caredx.com,greenhouse,caredxinc,20,2026-09-13T02:18:46.154601+00:00
Code Metal,codemetal.ai,ashby,code-metal,38,2026-09-13T02:18:47.720107+00:00
Eleks,eleks.com,lever,eleks,27,2026-09-13T02:18:48.218609+00:00
Coder,coder.com,ashby,coder,30,2026-09-13T02:18:53.169870+00:00
CodeRabbit,coderabbit.ai,ashby,coderabbit,45,2026-09-13T02:18:54.122399+00:00
Codes Health,getcodeshealth.com,ashby,codes-health,13,2026-09-13T02:18:55.115645+00:00
Codesphere,codesphere.com,ashby,codesphere,10,2026-09-13T02:18:59.091996+00:00
e.l.f. Beauty,elfbeauty.com,lever,elfbeauty,78,2026-09-13T02:19:01.181371+00:00
Coframe,coframe.com,ashby,coframe,14,2026-09-13T02:19:07.064572+00:00
Cogent Security,cogent.security,ashby,cogent-security,31,2026-09-13T02:19:07.951489+00:00
Elroy Air,elroyair.com,lever,elroyair,8,2026-09-13T02:19:09.761509+00:00
Cohere,cohere.com,ashby,cohere,145,2026-09-13T02:19:10.551577+00:00
Coinflow,coinflow.cash,ashby,coinflow,14,2026-09-13T02:19:11.462401+00:00
Emburse,emburse.com,lever,emburse,34,2026-09-13T02:19:12.079040+00:00
Coinhako,coinhako.com,ashby,coinhako,9,2026-09-13T02:19:12.667023+00:00
Collective,collective.com,ashby,collective,13,2026-09-13T02:19:20.362354+00:00
Emi Labs,emilabs.ai,lever,emilabs,10,2026-09-13T02:19:22.120015+00:00
Color Health,color.com,ashby,color-health,17,2026-09-13T02:19:24.761160+00:00
Emma – The Sleep Company,emma-sleep.com,lever,emma-sleep,65,2026-09-13T02:19:25.368393+00:00
Column,column.com,ashby,column,18,2026-09-13T02:19:25.960497+00:00
Comand AI,comand.ai,ashby,comand-ai,12,2026-09-13T02:19:27.947048+00:00
Comfy,comfy.org,ashby,comfy-org,9,2026-09-13T02:19:29.097097+00:00
CaseGuard,caseguard.com,greenhouse,caseguard,13,2026-09-13T02:19:31.121044+00:00
CoMind,comind.io,ashby,comind,10,2026-09-13T02:19:31.522777+00:00
Case in Point Consulting,caseinpointco.com,greenhouse,caseinpointconsulting,16,2026-09-13T02:19:33.275762+00:00
EnableComp,enablecomp.com,lever,enablecomp,16,2026-09-13T02:19:35.355796+00:00
CASETiFY,casetify.com,greenhouse,casetify,61,2026-09-13T02:19:38.070067+00:00
Cash Cow - Louisiana,cashcowlouisiana.com,greenhouse,cashcowlouisiana,10,2026-09-13T02:19:39.911790+00:00
Endpoint Clinical,endpointclinical.com,lever,endpointclinical,20,2026-09-13T02:19:44.157023+00:00
The Community Preservation Corporation,communityp.com,ashby,community-preservation-corporation,16,2026-09-13T02:19:47.308912+00:00
5,energyby5.com,lever,energy-by-5,11,2026-09-13T02:19:47.838359+00:00
Commure,commure.com,ashby,commure,83,2026-09-13T02:19:50.734617+00:00
Catawiki,catawiki.com,greenhouse,catawiki,44,2026-09-13T02:20:05.875333+00:00
Compass Surgical Partners,compass-sp.com,ashby,compass-surgical-partners,23,2026-09-13T02:26:48.881756+00:00
Entefy,entefy.com,lever,entefy,14,2026-09-13T02:20:14.640687+00:00
Composio,composio.dev,ashby,composio,31,2026-09-13T02:20:15.336829+00:00
Entrata,entrata.com,lever,entrata,17,2026-09-13T02:20:24.914745+00:00
Caylent,caylent.com,greenhouse,caylent,84,2026-09-13T02:20:35.153621+00:00
comstruct ICT,comstruct.com,ashby,comstruct,12,2026-09-13T02:20:37.653211+00:00
CBCS,cbcsclaims.com,greenhouse,cbcs,8,2026-09-13T02:20:57.697573+00:00
Epoch AI,epoch.ai,lever,epoch-ai,9,2026-09-13T02:21:03.098017+00:00
Concourse,concoursetech.com,ashby,concoursetech,9,2026-09-13T02:21:04.831283+00:00
Equativ,equativ.com,lever,equativ,20,2026-09-13T02:21:11.527597+00:00
Central California Alliance for Health,thealliance.health,greenhouse,ccah,11,2026-09-13T02:26:51.259811+00:00
Conduct,conduct.ai,ashby,conduct,13,2026-09-13T02:21:13.524642+00:00
Equitas Academy Charter Schools,equitasacademy.org,lever,equitasacademy,19,2026-09-13T02:21:15.143544+00:00
Er-Meds,er-meds.com,lever,er-meds,27,2026-09-13T02:21:16.123290+00:00
ERG,erg.com,lever,erg,30,2026-09-13T02:21:19.731548+00:00
Conduit Health,conduithealth.com,ashby,conduit-health,12,2026-09-13T02:21:20.436962+00:00
Esalen Institute,esalen.org,lever,esalen,14,2026-09-13T02:21:21.916694+00:00
E-Space,e-space.com,lever,espace,121,2026-09-13T02:21:23.155464+00:00
Confido,confidotech.com,ashby,confido,33,2026-09-13T02:21:25.866629+00:00
Empire State Realty Trust,esrtreit.com,lever,esrtreit,11,2026-09-13T02:21:26.368918+00:00
Confluent,confluent.io,ashby,confluent,21,2026-09-13T02:21:27.037044+00:00
Samlino Group,samlinogroup.com,greenhouse,ceg,34,2026-09-13T02:21:33.938191+00:00
Constructor,constructor.io,ashby,constructor,48,2026-09-13T02:21:38.466240+00:00
Everbridge,everbridge.com,lever,everbridge,18,2026-09-13T02:21:40.076948+00:00
Everlywell,everlywell.com,lever,everlywell,17,2026-09-13T02:21:44.434949+00:00
Cell Signaling Technology,cellsignal.com,greenhouse,cellsignalingtechnology79,8,2026-09-13T02:21:46.313927+00:00
Celonis,celonis.com,greenhouse,celonis,270,2026-09-13T02:21:49.566583+00:00
Contoro Inc.,contoro.com,ashby,contoro,9,2026-09-13T02:21:49.998201+00:00
Elk Valley Resources,evr.com,lever,evr,52,2026-09-13T02:21:50.637384+00:00
Center for AI Safety (CAIS),safe.ai,greenhouse,centerforartificialintelligencesafetyinc,11,2026-09-13T02:21:55.469772+00:00
Center for Physical Therapy and Exercise (CPTE),cpte.net,greenhouse,centerforphysicaltherapyandexercise,11,2026-09-13T02:22:00.165672+00:00
Conveo.ai,conveo.ai,ashby,conveo,16,2026-09-13T02:24:31.309238+00:00
Conversion,conversion.ai,ashby,conversion,11,2026-09-13T02:24:38.781173+00:00
Extreme Networks,extremenetworks.com,lever,extremenetworks,144,2026-09-13T02:24:40.667972+00:00
Convex,convex.dev,ashby,convex-dev,13,2026-09-13T02:24:41.509500+00:00
Centri Business Consulting,centriconsulting.com,greenhouse,centribusinessconsulting,52,2026-09-13T02:26:52.915149+00:00
Centrum Health,centrumhealth.com,greenhouse,centrumhealth,30,2026-09-13T02:24:48.917784+00:00
Cooper AI,askcooper.ai,ashby,cooper-ai,12,2026-09-13T02:26:53.251785+00:00
North America Construction (1993) Ltd. - NAC Constructors Ltd.,nacsworld.com,lever,nacsworld,19,2026-09-13T02:24:50.128297+00:00
nahc.io,nahc.io,lever,nahc,35,2026-09-13T02:24:53.275314+00:00
Coral AI,trycoral.ai,ashby,coralai,8,2026-09-13T02:26:54.339986+00:00
"Ceribell, Inc",ceribell.com,greenhouse,ceribell,45,2026-09-13T02:25:02.632189+00:00
Coram AI,coram.ai,ashby,coram-ai,44,2026-09-13T02:25:03.069231+00:00
coreflow,coreflow.dev,ashby,coreflow,11,2026-09-13T02:25:04.151021+00:00
Core of the Heart,coreoftheheart.com,ashby,coreoftheheart,9,2026-09-13T02:25:07.204637+00:00
Neighbor,neighbor.com,lever,neighbor,12,2026-09-13T02:25:30.728750+00:00
Corridor,corridor.dev,ashby,corridor,12,2026-09-13T02:25:31.576597+00:00
Chainguard,chainguard.dev,greenhouse,chainguard,80,2026-09-13T02:25:34.600942+00:00
Neon Pagamentos,neon.com.br,lever,neon,11,2026-09-13T02:25:36.425060+00:00
Corvus Robotics,corvus-robotics.com,ashby,corvus-robotics,11,2026-09-13T02:25:37.082509+00:00
Neowiz,neowiz.com,lever,neowiz,20,2026-09-13T02:25:37.951701+00:00
Cosuno,cosuno.com,ashby,cosuno,17,2026-09-13T02:25:41.571074+00:00
Council Capital,councilcapital.com,ashby,council-capital,8,2026-09-13T02:25:42.610089+00:00
Netlight,netlight.com,lever,netlight,36,2026-09-13T02:25:43.140401+00:00
Counsel Health,counselhealth.com,ashby,counsel,16,2026-09-13T02:25:46.030596+00:00
Netomi,netomi.com,lever,netomi,22,2026-09-13T02:25:46.632613+00:00
Champions Group Holdings,championsgroupholdings.com,greenhouse,championsgroupholdings,10,2026-09-13T02:25:48.102902+00:00
CourseCareers,coursecareers.com,ashby,coursecareers,8,2026-09-13T02:25:49.579779+00:00
Neuron 7,neuron7.ai,lever,neuron7,18,2026-09-13T02:25:51.641475+00:00
New Western,newwestern.com,lever,newwestern,29,2026-09-13T02:25:56.767919+00:00
Cowboy Space Corp.,cowboyspace.com,ashby,cowboyspace,89,2026-09-13T02:26:15.037989+00:00
Cracken,cracken.ai,ashby,crackenagi,11,2026-09-13T02:26:16.894081+00:00
Next Health,next-health.com,lever,next-health,16,2026-09-13T02:26:18.611738+00:00
Nextech,nextech.com,lever,nextech,10,2026-09-13T02:26:20.867254+00:00
NextGen Federal Systems,nextgenfed.com,lever,nextgenfed,34,2026-09-13T02:26:24.034204+00:00
CreatorIQ,creatoriq.com,ashby,creatoriq,21,2026-09-13T02:26:25.847707+00:00
CharterUP,charterup.com,greenhouse,charterup,14,2026-09-13T02:26:27.755078+00:00
Credit Genie,creditgenie.com,ashby,creditgenie,12,2026-09-13T02:26:29.211777+00:00
Nexus Engineering Group,nexusegroup.com,lever,nexuse-group,40,2026-09-13T02:26:29.817926+00:00
NFQ,nfq.com,lever,nfq,11,2026-09-13T02:26:30.769071+00:00
Nibiru,nibiru.fi,lever,nibiru,9,2026-09-13T02:26:35.668218+00:00
