company_name,ats,tenant,open_job_count,checked_at
Candex,ashby,candex,17,2026-09-13T02:14:18.371254+00:00
Crisp,ashby,crisp,21,2026-09-13T02:26:35.077314+00:00
C3EL,greenhouse,c3el,58,2026-09-13T02:15:54.840667+00:00
"cabi, LLC",greenhouse,cabiclothing,14,2026-09-13T02:16:03.209316+00:00
Cadence Health,greenhouse,cadencehealth,19,2026-09-13T02:14:16.894530+00:00
Cadwell,greenhouse,cadwell,12,2026-09-13T02:16:23.361592+00:00
C.A. Fortune,greenhouse,cafortune,37,2026-09-13T02:16:26.675231+00:00
Cal Alumni Association,greenhouse,calalumniassociation,9,2026-09-13T02:16:51.488621+00:00
Calendly,greenhouse,calendly,11,2026-09-13T02:14:22.623976+00:00
Candidaturas Direcionadas,greenhouse,candidaturasdirecionadasxpinc,16,2026-09-13T02:17:34.911480+00:00
Canopy Works,greenhouse,canopyworks,12,2026-09-13T02:17:53.406557+00:00
Capital Bank,greenhouse,capitalbank,20,2026-09-13T02:18:08.247865+00:00
Capital Farm Credit,greenhouse,capitalfarmcredit,16,2026-09-13T02:23:58.321604+00:00
Capstone Investment Advisors,greenhouse,capstoneinvestmentadvisors,12,2026-09-13T02:18:20.488506+00:00
Captivation Software,greenhouse,captivation,73,2026-09-13T02:14:30.894610+00:00
Career Team,greenhouse,careerteam,51,2026-09-13T02:18:52.639917+00:00
Cargomatic,greenhouse,cargomatic,14,2026-09-13T02:19:06.551663+00:00
CarOnSale,greenhouse,caronsale,41,2026-09-13T02:14:36.601432+00:00
Carr Allison,greenhouse,carrallison,17,2026-09-13T02:19:16.512193+00:00
Carrot,greenhouse,carrotfertility,15,2026-09-13T02:19:19.839165+00:00
Catamount Constructors,greenhouse,catamountconstructors,27,2026-09-13T02:19:53.389672+00:00
Catapult Sports,greenhouse,catapultsports,30,2026-09-13T02:19:56.627858+00:00
"Catch Creation, LLC",greenhouse,catchcreationllc,19,2026-09-13T02:20:10.500956+00:00
CATORCE,greenhouse,catorce,11,2026-09-13T02:24:02.238634+00:00
CBEM LLC,greenhouse,cbemllc,14,2026-09-13T02:21:01.469316+00:00
"Connor, Clark & Lunn Financial Group Ltd.",greenhouse,cclfg,72,2026-09-13T02:24:20.235990+00:00
"Celero Communications, Inc.",greenhouse,celerocommunicationsinc,23,2026-09-13T02:21:37.877072+00:00
Cellanome,greenhouse,cellanome,13,2026-09-13T02:21:42.771201+00:00
Centennial Real Estate Company LLC,greenhouse,centennial,13,2026-09-13T02:21:53.478472+00:00
Center for Employment Opportunities,greenhouse,centerforemploymentopportunities,12,2026-09-13T02:14:41.059050+00:00
"Center for Strategic and International Studies, Inc.",greenhouse,centerforstrategicandinternationalstudiesinc,11,2026-09-13T02:24:30.676736+00:00
"Centessa Pharmaceuticals, a wholly owned subsidiary of Eli Lilly and Company",greenhouse,centessapharmaceuticalsinc,20,2026-09-13T02:24:35.201460+00:00
CentralReach,greenhouse,centralreach,13,2026-09-13T02:24:38.301286+00:00
Centria Healthcare,greenhouse,centriahealthcare,42,2026-09-13T02:24:44.171074+00:00
Centura College,greenhouse,centuracollege,13,2026-09-13T02:24:52.606671+00:00
"Century Communities, Inc.",greenhouse,centurycommunitiesinc,52,2026-09-13T02:24:56.051479+00:00
Certified Group,greenhouse,certifiedgroup,69,2026-09-13T02:25:06.790899+00:00
CFO Insights,greenhouse,cfoinsights,365,2026-09-13T02:25:17.116909+00:00
Champions Club Texas,greenhouse,championsclubtexas,14,2026-09-13T02:25:45.586661+00:00
CHAOS Industries,greenhouse,chaosindustries,144,2026-09-13T02:25:56.088943+00:00
Chariot Defense,greenhouse,chariotdefense,9,2026-09-13T02:26:14.396284+00:00
"Chartbeat, Inc.",greenhouse,chartbeatinc,13,2026-09-13T02:26:23.325748+00:00
The City of Fort Worth,greenhouse,cityoffortworth,53,2026-09-13T02:14:44.483594+00:00
Clariti Cloud Inc.,greenhouse,clariticloudinc,9,2026-09-13T02:14:47.528794+00:00
CLEAR - Corporate,greenhouse,clear,32,2026-09-13T02:14:52.620526+00:00
Cloud Chamber,greenhouse,cloudchamberen,17,2026-09-13T02:14:55.567417+00:00
Cloud Chamber Montreal,greenhouse,cloudchamberfr,9,2026-09-13T02:14:58.771939+00:00
Constant Contact,greenhouse,constantcontact,13,2026-09-13T02:15:01.904250+00:00
Convene Hospitality Group,greenhouse,convene,42,2026-09-13T02:15:05.333627+00:00
Core One,greenhouse,coreone,67,2026-09-13T02:15:08.823751+00:00
Correlation One,greenhouse,correlationone,19,2026-09-13T02:15:12.112096+00:00
Covera Health,greenhouse,coverahealth,12,2026-09-13T02:15:15.051394+00:00
Crexi,greenhouse,crexi,16,2026-09-13T02:15:28.490066+00:00
Crossmedia Inc,greenhouse,crossmediainc,14,2026-09-13T02:15:32.674681+00:00
Redpin,greenhouse,currenciesdirect,18,2026-09-13T02:15:43.751473+00:00
CVX Ventures,greenhouse,cvx,43,2026-09-13T02:15:47.349500+00:00
Cymulate,greenhouse,cymulate,16,2026-09-13T02:15:50.204531+00:00
"Capstan Medical, Inc.",lever,capstan-medical,21,2026-09-13T02:14:25.150597+00:00
Charcuterie Artisans,lever,charcuterie,13,2026-09-13T02:14:38.331964+00:00
Express Chipping Inc,lever,chipping-concrete,41,2026-09-13T02:14:49.892690+00:00
Clear Capital | CubiCasa | restb.ai,lever,clearcapital,8,2026-09-13T02:16:09.219614+00:00
Cloudinary,lever,cloudinary,10,2026-09-13T02:16:45.056015+00:00
Cobaltrobotics,lever,cobaltrobotics,10,2026-09-13T02:17:09.151457+00:00
Easybrain,lever,easybrain,10,2026-09-13T02:17:59.615296+00:00
Easy Street Capital,lever,easystreetcap,10,2026-09-13T02:18:05.368929+00:00
Eliyan,lever,eliyan,24,2026-09-13T02:19:03.106221+00:00
Workloom,lever,epifi,11,2026-09-13T02:20:42.918431+00:00
EQ Bank | Canada's Challenger Bank,lever,eqbank,70,2026-09-13T02:21:07.843984+00:00
Exowatt,lever,exowatt,17,2026-09-13T02:21:58.325156+00:00
NAI Northern California,lever,nainnorcal,17,2026-09-13T02:24:57.937711+00:00
